{"stats":{"minecraft:picked_up":{"minecraft:flint_and_steel":1,"minecraft:fire_charge":1,"minecraft:flint":2,"minecraft:sand":1,"minecraft:golden_axe":1,"minecraft:glistering_melon_slice":8,"minecraft:iron_nugget":18,"minecraft:golden_boots":1,"minecraft:chest":1,"farmersdelight:golden_knife":1},"minecraft:mined":{"minecraft:grass":1,"minecraft:chest":1,"minecraft:sand":1,"farmersdelight:wild_tomatoes":1},"minecraft:custom":{"minecraft:time_since_rest":369,"minecraft:open_chest":3,"minecraft:crouch_one_cm":23,"minecraft:play_time":8365,"minecraft:sprint_one_cm":30405,"minecraft:walk_one_cm":13369,"minecraft:damage_taken":505,"minecraft:deaths":2,"minecraft:sneak_time":30,"minecraft:walk_under_water_one_cm":259,"minecraft:jump":198,"minecraft:damage_dealt":9,"minecraft:leave_game":1,"minecraft:time_since_death":0,"minecraft:walk_on_water_one_cm":5466,"minecraft:total_world_time":8365,"minecraft:fall_one_cm":4730,"minecraft:fly_one_cm":48160},"minecraft:killed_by":{"minecraft:zombie":2}},"DataVersion":3120}