{"stats":{"minecraft:killed_by":{"minecraft:spider":1,"gamma_beasts:careyatros_a":1,"minecraft:zombie":2},"minecraft:killed":{"minecraft:skeleton":1,"alexsmobs:lobster":1,"minecraft:drowned":1},"minecraft:used":{"minecraft:stone_pickaxe":45,"minecraft:oak_planks":3,"minecraft:wooden_pickaxe":23,"minecraft:oak_door":3,"minecraft:stone_axe":7,"minecraft:torch":1,"minecraft:cobblestone":2,"minecraft:crafting_table":2,"minecraft:birch_log":6},"minecraft:mined":{"minecraft:birch_log":23,"minecraft:birch_leaves":4,"minecraft:granite":4,"minecraft:oak_log":7,"minecraft:coal_ore":23,"minecraft:dirt":3,"minecraft:stone":39,"minecraft:oak_leaves":2},"minecraft:custom":{"minecraft:time_since_rest":4129,"minecraft:sprint_one_cm":13833,"minecraft:damage_taken":1423,"minecraft:walk_one_cm":45794,"minecraft:mob_kills":4,"minecraft:damage_dealt":422,"minecraft:swim_one_cm":50,"minecraft:interact_with_crafting_table":5,"minecraft:fly_one_cm":12452,"minecraft:crouch_one_cm":551,"minecraft:play_time":45423,"minecraft:deaths":4,"minecraft:sneak_time":1227,"minecraft:walk_under_water_one_cm":20782,"minecraft:damage_dealt_resisted":7,"minecraft:jump":152,"minecraft:leave_game":6,"minecraft:time_since_death":1086,"minecraft:walk_on_water_one_cm":15391,"minecraft:total_world_time":45423,"minecraft:fall_one_cm":2824},"minecraft:crafted":{"minecraft:oak_door":3,"minecraft:oak_planks":44,"minecraft:crafting_table":3,"minecraft:stick":16,"minecraft:wooden_pickaxe":1,"minecraft:stone_pickaxe":1,"minecraft:torch":4,"minecraft:stone_axe":1},"minecraft:picked_up":{"minecraft:birch_log":55,"minecraft:charcoal":8,"minecraft:oak_door":3,"minecraft:andesite":3,"gamma_beasts:fur":8,"minecraft:torch":3,"minecraft:wooden_pickaxe":1,"minecraft:sand":3,"minecraft:gravel":2,"minecraft:flint":3,"minecraft:porkchop":1,"minecraft:oak_log":12,"undead_unleashed:grave_metal_scrap":2,"gravestone:obituary":3,"minecraft:diorite":1,"minecraft:shield":1,"minecraft:string":1,"minecraft:dirt":21,"man:cassette_1safetyinstructions":1,"minecraft:stone_shovel":1,"arphex:fly_appendage":1,"minecraft:arrow":2,"minecraft:bone":1,"minecraft:rotten_flesh":2,"minecraft:stone_axe":1,"minecraft:wheat_seeds":1,"minecraft:stone_pickaxe":1,"minecraft:granite":16,"gamma_beasts:coal_nugget":8,"undead_unleashed:grave_metal_boots":1,"minecraft:chainmail_helmet":1,"minecraft:oak_sapling":3,"minecraft:birch_sapling":3,"minecraft:coal":22,"minecraft:cobblestone":87}},"DataVersion":3120}