{"stats":{"minecraft:used":{"minecraft:stone_sword":31,"minecraft:stone_pickaxe":37,"minecraft:oak_planks":3,"minecraft:chest":3,"minecraft:wooden_pickaxe":36,"travelersbackpack:bat":4,"minecraft:oak_door":10,"minecraft:torch":32,"minecraft:rail":2,"minecraft:dirt":1,"minecraft:terracotta":7,"minecraft:yellow_terracotta":1,"minecraft:crafting_table":6,"alexsmobs:cooked_kangaroo_meat":1,"minecraft:oak_log":1,"alexsmobs:maggot":3,"minecraft:wooden_axe":47,"minecraft:apple":3,"spartanweaponry:iron_dagger":2,"spartanshields:stone_basic_shield":11,"minecraft:iron_pickaxe":1,"spartanweaponry:stone_boomerang":21,"minecraft:stone_axe":26,"minecraft:cobblestone":12,"minecraft:oak_sapling":2,"minecraft:furnace":2,"minecraft:chest_minecart":2,"minecraft:air":2,"minecraft:orange_terracotta":3},"minecraft:dropped":{"minecraft:stone_axe":1,"minecraft:oak_planks":20,"minecraft:diorite":2,"minecraft:wooden_shovel":1,"farmersdelight:rope":9,"minecraft:wooden_pickaxe":1},"minecraft:custom":{"minecraft:interact_with_furnace":27,"spartanshields:shield_bash_hits":2,"minecraft:mob_kills":13,"minecraft:interact_with_crafting_table":44,"minecraft:damage_dealt_resisted":9,"minecraft:leave_game":10,"minecraft:time_since_death":16576,"minecraft:time_since_rest":26301,"minecraft:damage_taken":3884,"minecraft:sprint_one_cm":188820,"minecraft:damage_blocked_by_shield":538,"minecraft:walk_one_cm":198324,"minecraft:drop":6,"minecraft:damage_dealt":1923,"minecraft:swim_one_cm":50659,"minecraft:open_chest":24,"minecraft:fly_one_cm":156241,"minecraft:crouch_one_cm":697,"minecraft:play_time":99107,"minecraft:deaths":10,"minecraft:sneak_time":1845,"minecraft:walk_under_water_one_cm":39319,"minecraft:jump":886,"minecraft:walk_on_water_one_cm":14630,"minecraft:total_world_time":99107,"minecraft:fall_one_cm":26777},"minecraft:mined":{"minecraft:dark_oak_planks":3,"minecraft:yellow_terracotta":1,"minecraft:oak_door":4,"minecraft:orange_terracotta":3,"minecraft:crafting_table":1,"minecraft:torch":1,"gravestone:gravestone":8,"minecraft:dead_bush":18,"minecraft:cobblestone":1,"minecraft:coarse_dirt":1,"minecraft:iron_ore":6,"minecraft:deepslate_lapis_ore":1,"minecraft:deepslate_iron_ore":6,"minecraft:oak_log":40,"caverns_and_chasms:rocky_dirt":1,"minecraft:dirt":2,"minecraft:terracotta":4,"minecraft:stone":30,"minecraft:bone_block":12,"minecraft:oak_leaves":3,"minecraft:deepslate":5},"minecraft:killed":{"dungeons_mobs:wraith":1,"alexsmobs:rattlesnake":1,"minecraft:skeleton":3,"dungeons_mobs:necromancer":1,"alexsmobs:roadrunner":2,"alexsmobs:fly":2,"alexsmobs:kangaroo":3},"minecraft:killed_by":{"minecraft:player":1,"arphex:spider_flat":1,"alexsmobs:centipede_head":1,"minecraft:zombie":1,"alexsmobs:kangaroo":1,"arphex:hornet_harbinger":1,"dungeons_mobs:necromancer":1,"rottencreatures:scarab":2},"minecraft:picked_up":{"minecraft:crafting_table":1,"minecraft:coarse_dirt":2,"minecraft:andesite":2,"minecraft:chest_minecart":1,"minecraft:wooden_pickaxe":1,"alexsmobs:roadrunner_feather":1,"minecraft:oak_log":56,"gravestone:obituary":1,"farmersdelight:skillet":1,"minecraft:lapis_lazuli":8,"minecraft:dirt":5,"minecraft:orange_terracotta":3,"minecraft:bone":3,"minecraft:apple":3,"minecraft:cobbled_deepslate":6,"minecraft:raw_gold":7,"minecraft:stone_pickaxe":2,"spartanweaponry:iron_dagger":1,"minecraft:stick":30,"minecraft:raw_iron":18,"minecraft:oak_door":4,"minecraft:torch":10,"minecraft:fire_charge":1,"minecraft:dark_oak_planks":3,"alexsmobs:kangaroo_hide":3,"minecraft:pumpkin_seeds":2,"minecraft:arrow":1,"minecraft:rotten_flesh":1,"minecraft:granite":1,"minecraft:yellow_terracotta":1,"alexsmobs:maggot":3,"minecraft:terracotta":32,"minecraft:oak_sapling":15,"minecraft:bone_block":12,"alexsmobs:kangaroo_meat":4,"minecraft:rail":22,"minecraft:cobblestone":41},"minecraft:crafted":{"minecraft:oak_door":6,"minecraft:oak_planks":112,"minecraft:crafting_table":5,"minecraft:wooden_pickaxe":1,"alexsmobs:cooked_kangaroo_meat":2,"minecraft:furnace":2,"spartanshields:stone_basic_shield":2,"minecraft:bucket":1,"minecraft:stone_axe":2,"minecraft:air":0,"minecraft:charcoal":5,"minecraft:stick":44,"minecraft:iron_ingot":10,"minecraft:iron_pickaxe":1,"minecraft:stone_pickaxe":1,"minecraft:wooden_axe":1,"minecraft:stone_sword":2,"minecraft:chest":3,"spartanshields:wooden_basic_shield":2,"minecraft:torch":32,"spartanweaponry:stone_boomerang":1}},"DataVersion":3120}