{"stats":{"minecraft:killed_by":{"alexsmobs:kangaroo":1},"minecraft:killed":{"alexsmobs:rattlesnake":1,"minecraft:skeleton":2,"alexsmobs:kangaroo":3},"minecraft:mined":{"minecraft:dark_oak_planks":3,"minecraft:yellow_terracotta":1,"minecraft:oak_door":4,"minecraft:orange_terracotta":3,"minecraft:crafting_table":1,"minecraft:torch":1,"gravestone:gravestone":2,"minecraft:dead_bush":15,"minecraft:cobblestone":1,"minecraft:iron_ore":5,"minecraft:oak_log":17,"caverns_and_chasms:rocky_dirt":1,"minecraft:dirt":2,"minecraft:terracotta":4,"minecraft:stone":25,"minecraft:oak_leaves":2},"minecraft:dropped":{"minecraft:oak_planks":20,"farmersdelight:rope":9,"minecraft:wooden_pickaxe":1},"minecraft:crafted":{"minecraft:oak_door":6,"minecraft:oak_planks":76,"minecraft:crafting_table":4,"minecraft:wooden_pickaxe":1,"alexsmobs:cooked_kangaroo_meat":2,"minecraft:furnace":1,"spartanshields:stone_basic_shield":1,"minecraft:stick":12,"minecraft:iron_pickaxe":1,"minecraft:stone_pickaxe":1,"minecraft:wooden_axe":1,"minecraft:stone_sword":1,"minecraft:chest":1,"spartanshields:wooden_basic_shield":1,"minecraft:torch":32,"spartanweaponry:stone_boomerang":1},"minecraft:custom":{"minecraft:interact_with_furnace":2,"minecraft:mob_kills":6,"minecraft:interact_with_crafting_table":20,"minecraft:time_since_death":37996,"minecraft:time_since_rest":38060,"minecraft:sprint_one_cm":90285,"minecraft:damage_taken":806,"minecraft:walk_one_cm":90612,"minecraft:damage_blocked_by_shield":288,"minecraft:drop":3,"minecraft:damage_dealt":931,"minecraft:swim_one_cm":50659,"minecraft:fly_one_cm":28576,"minecraft:open_chest":9,"minecraft:crouch_one_cm":230,"minecraft:deaths":1,"minecraft:play_time":41773,"minecraft:sneak_time":1637,"minecraft:walk_under_water_one_cm":39319,"minecraft:jump":258,"minecraft:walk_on_water_one_cm":14522,"minecraft:total_world_time":41773,"minecraft:fall_one_cm":5829},"minecraft:picked_up":{"minecraft:crafting_table":1,"minecraft:chest_minecart":1,"minecraft:oak_log":18,"minecraft:dirt":2,"minecraft:orange_terracotta":3,"minecraft:bone":1,"minecraft:apple":2,"minecraft:cobbled_deepslate":1,"spartanweaponry:iron_dagger":1,"minecraft:stick":15,"minecraft:raw_iron":4,"minecraft:oak_door":4,"minecraft:torch":5,"minecraft:dark_oak_planks":3,"minecraft:pumpkin_seeds":2,"alexsmobs:kangaroo_hide":3,"minecraft:arrow":1,"minecraft:rotten_flesh":1,"minecraft:granite":1,"minecraft:yellow_terracotta":1,"minecraft:terracotta":7,"minecraft:oak_sapling":6,"alexsmobs:kangaroo_meat":4,"minecraft:cobblestone":36},"minecraft:used":{"minecraft:stone_sword":4,"minecraft:stone_pickaxe":4,"minecraft:oak_planks":3,"minecraft:chest":1,"minecraft:wooden_pickaxe":36,"travelersbackpack:bat":4,"minecraft:oak_door":10,"minecraft:torch":32,"minecraft:rail":1,"minecraft:dirt":1,"minecraft:terracotta":7,"minecraft:yellow_terracotta":1,"minecraft:crafting_table":5,"alexsmobs:cooked_kangaroo_meat":1,"minecraft:wooden_axe":47,"minecraft:apple":2,"spartanshields:stone_basic_shield":6,"minecraft:iron_pickaxe":1,"spartanweaponry:stone_boomerang":9,"minecraft:cobblestone":4,"minecraft:oak_sapling":2,"minecraft:furnace":1,"minecraft:chest_minecart":1,"minecraft:orange_terracotta":3}},"DataVersion":3120}