{"stats":{"minecraft:killed_by":{"alexsmobs:kangaroo":1},"minecraft:killed":{"minecraft:skeleton":1,"alexsmobs:rattlesnake":1,"alexsmobs:kangaroo":3},"minecraft:mined":{"minecraft:yellow_terracotta":1,"minecraft:dark_oak_planks":3,"minecraft:oak_door":1,"minecraft:orange_terracotta":3,"minecraft:crafting_table":1,"minecraft:torch":1,"gravestone:gravestone":1,"minecraft:oak_log":17,"minecraft:dead_bush":15,"minecraft:terracotta":4,"minecraft:stone":18,"minecraft:oak_leaves":2},"minecraft:dropped":{"minecraft:oak_planks":20},"minecraft:crafted":{"minecraft:oak_door":6,"minecraft:oak_planks":72,"minecraft:crafting_table":3,"minecraft:stick":8,"minecraft:chest":1,"minecraft:stone_sword":1,"spartanshields:wooden_basic_shield":1,"minecraft:wooden_pickaxe":1,"minecraft:wooden_axe":1,"alexsmobs:cooked_kangaroo_meat":2,"minecraft:furnace":1,"spartanshields:stone_basic_shield":1,"minecraft:torch":32,"spartanweaponry:stone_boomerang":1},"minecraft:picked_up":{"minecraft:stick":15,"minecraft:crafting_table":1,"minecraft:oak_door":1,"minecraft:chest_minecart":1,"minecraft:torch":3,"minecraft:oak_log":18,"minecraft:dark_oak_planks":3,"minecraft:orange_terracotta":3,"alexsmobs:kangaroo_hide":3,"minecraft:pumpkin_seeds":2,"minecraft:apple":2,"minecraft:cobbled_deepslate":1,"minecraft:yellow_terracotta":1,"minecraft:terracotta":7,"minecraft:oak_sapling":5,"alexsmobs:kangaroo_meat":4,"minecraft:cobblestone":28},"minecraft:custom":{"minecraft:time_since_rest":26060,"minecraft:interact_with_furnace":2,"minecraft:sprint_one_cm":80944,"minecraft:damage_taken":651,"minecraft:walk_one_cm":73973,"minecraft:damage_blocked_by_shield":160,"minecraft:mob_kills":5,"minecraft:drop":1,"minecraft:damage_dealt":843,"minecraft:open_chest":3,"minecraft:swim_one_cm":29256,"minecraft:interact_with_crafting_table":16,"minecraft:fly_one_cm":27155,"minecraft:crouch_one_cm":203,"minecraft:play_time":29773,"minecraft:deaths":1,"minecraft:sneak_time":1436,"minecraft:walk_under_water_one_cm":25027,"minecraft:jump":210,"minecraft:time_since_death":25996,"minecraft:walk_on_water_one_cm":4077,"minecraft:total_world_time":29773,"minecraft:fall_one_cm":5829},"minecraft:used":{"minecraft:wooden_axe":47,"minecraft:stone_sword":1,"minecraft:apple":2,"spartanshields:stone_basic_shield":3,"minecraft:oak_planks":3,"spartanweaponry:stone_boomerang":9,"minecraft:chest":1,"minecraft:wooden_pickaxe":26,"travelersbackpack:bat":2,"minecraft:oak_door":6,"minecraft:torch":29,"minecraft:cobblestone":4,"minecraft:terracotta":7,"minecraft:yellow_terracotta":1,"minecraft:crafting_table":4,"minecraft:furnace":1,"alexsmobs:cooked_kangaroo_meat":1,"minecraft:orange_terracotta":3}},"DataVersion":3120}