{"stats":{"minecraft:killed_by":{"alexsmobs:centipede_head":1,"alexsmobs:kangaroo":1,"dungeons_mobs:necromancer":1},"minecraft:killed":{"dungeons_mobs:wraith":1,"alexsmobs:rattlesnake":1,"minecraft:skeleton":3,"dungeons_mobs:necromancer":1,"alexsmobs:fly":1,"alexsmobs:kangaroo":3},"minecraft:mined":{"minecraft:dark_oak_planks":3,"minecraft:yellow_terracotta":1,"minecraft:oak_door":4,"minecraft:orange_terracotta":3,"minecraft:crafting_table":1,"minecraft:torch":1,"gravestone:gravestone":5,"minecraft:dead_bush":17,"minecraft:cobblestone":1,"minecraft:iron_ore":5,"minecraft:oak_log":23,"caverns_and_chasms:rocky_dirt":1,"minecraft:dirt":2,"minecraft:terracotta":4,"minecraft:stone":26,"minecraft:oak_leaves":2},"minecraft:dropped":{"minecraft:stone_axe":1,"minecraft:oak_planks":20,"minecraft:diorite":2,"minecraft:wooden_shovel":1,"farmersdelight:rope":9,"minecraft:wooden_pickaxe":1},"minecraft:crafted":{"minecraft:oak_door":6,"minecraft:oak_planks":88,"minecraft:crafting_table":5,"minecraft:wooden_pickaxe":1,"alexsmobs:cooked_kangaroo_meat":2,"minecraft:furnace":2,"spartanshields:stone_basic_shield":1,"minecraft:stone_axe":1,"minecraft:air":0,"minecraft:charcoal":5,"minecraft:stick":36,"minecraft:iron_ingot":3,"minecraft:iron_pickaxe":1,"minecraft:stone_pickaxe":1,"minecraft:wooden_axe":1,"minecraft:stone_sword":1,"minecraft:chest":3,"spartanshields:wooden_basic_shield":1,"minecraft:torch":32,"spartanweaponry:stone_boomerang":1},"minecraft:custom":{"minecraft:interact_with_furnace":12,"minecraft:mob_kills":10,"minecraft:interact_with_crafting_table":28,"minecraft:time_since_death":6212,"minecraft:time_since_rest":6319,"minecraft:sprint_one_cm":118356,"minecraft:damage_taken":1809,"minecraft:walk_one_cm":126227,"minecraft:damage_blocked_by_shield":288,"minecraft:drop":6,"minecraft:damage_dealt":1630,"minecraft:swim_one_cm":50659,"minecraft:fly_one_cm":47066,"minecraft:open_chest":12,"minecraft:crouch_one_cm":230,"minecraft:deaths":4,"minecraft:play_time":53773,"minecraft:sneak_time":1637,"minecraft:walk_under_water_one_cm":39319,"minecraft:jump":398,"minecraft:walk_on_water_one_cm":14630,"minecraft:total_world_time":53773,"minecraft:fall_one_cm":8985},"minecraft:picked_up":{"minecraft:crafting_table":1,"minecraft:chest_minecart":1,"minecraft:wooden_pickaxe":1,"gravestone:obituary":1,"minecraft:oak_log":33,"farmersdelight:skillet":1,"minecraft:dirt":2,"minecraft:orange_terracotta":3,"minecraft:bone":3,"minecraft:apple":2,"minecraft:cobbled_deepslate":1,"minecraft:stone_pickaxe":1,"spartanweaponry:iron_dagger":1,"minecraft:stick":18,"minecraft:raw_iron":4,"minecraft:oak_door":4,"minecraft:torch":10,"minecraft:fire_charge":1,"minecraft:dark_oak_planks":3,"minecraft:pumpkin_seeds":2,"alexsmobs:kangaroo_hide":3,"minecraft:arrow":1,"minecraft:rotten_flesh":1,"minecraft:granite":1,"minecraft:yellow_terracotta":1,"alexsmobs:maggot":2,"minecraft:terracotta":32,"minecraft:oak_sapling":6,"alexsmobs:kangaroo_meat":4,"minecraft:rail":22,"minecraft:cobblestone":37},"minecraft:used":{"minecraft:stone_sword":27,"minecraft:stone_pickaxe":7,"minecraft:oak_planks":3,"minecraft:chest":3,"minecraft:wooden_pickaxe":36,"travelersbackpack:bat":4,"minecraft:oak_door":10,"minecraft:torch":32,"minecraft:rail":2,"minecraft:dirt":1,"minecraft:terracotta":7,"minecraft:yellow_terracotta":1,"minecraft:crafting_table":6,"alexsmobs:cooked_kangaroo_meat":1,"minecraft:oak_log":1,"minecraft:wooden_axe":47,"minecraft:apple":2,"spartanweaponry:iron_dagger":1,"spartanshields:stone_basic_shield":8,"minecraft:iron_pickaxe":1,"spartanweaponry:stone_boomerang":9,"minecraft:stone_axe":6,"minecraft:cobblestone":4,"minecraft:oak_sapling":2,"minecraft:furnace":2,"minecraft:chest_minecart":2,"minecraft:air":1,"minecraft:orange_terracotta":3}},"DataVersion":3120}