{"stats":{"minecraft:killed_by":{"minecraft:spider":1,"gamma_beasts:careyatros_a":1,"minecraft:zombie":1},"minecraft:killed":{"minecraft:skeleton":1,"alexsmobs:lobster":1,"minecraft:drowned":1},"minecraft:used":{"minecraft:stone_pickaxe":45,"minecraft:oak_planks":3,"minecraft:wooden_pickaxe":23,"minecraft:oak_door":3,"minecraft:stone_axe":7,"minecraft:torch":1,"minecraft:cobblestone":2,"minecraft:crafting_table":2,"minecraft:birch_log":6},"minecraft:mined":{"minecraft:birch_log":23,"minecraft:birch_leaves":4,"minecraft:granite":4,"minecraft:oak_log":7,"minecraft:coal_ore":23,"minecraft:stone":39,"minecraft:oak_leaves":2},"minecraft:custom":{"minecraft:time_since_rest":4533,"minecraft:sprint_one_cm":11781,"minecraft:damage_taken":997,"minecraft:walk_one_cm":29207,"minecraft:mob_kills":3,"minecraft:damage_dealt":389,"minecraft:swim_one_cm":50,"minecraft:interact_with_crafting_table":5,"minecraft:fly_one_cm":11716,"minecraft:crouch_one_cm":54,"minecraft:play_time":36475,"minecraft:deaths":3,"minecraft:sneak_time":1075,"minecraft:walk_under_water_one_cm":19049,"minecraft:jump":136,"minecraft:leave_game":6,"minecraft:time_since_death":3972,"minecraft:walk_on_water_one_cm":14973,"minecraft:total_world_time":36475,"minecraft:fall_one_cm":2824},"minecraft:crafted":{"minecraft:oak_door":3,"minecraft:oak_planks":44,"minecraft:crafting_table":3,"minecraft:stick":16,"minecraft:wooden_pickaxe":1,"minecraft:stone_pickaxe":1,"minecraft:torch":4,"minecraft:stone_axe":1},"minecraft:picked_up":{"minecraft:birch_log":19,"minecraft:oak_door":3,"minecraft:andesite":3,"minecraft:oak_log":12,"undead_unleashed:grave_metal_scrap":2,"minecraft:arrow":2,"minecraft:bone":1,"minecraft:granite":4,"gamma_beasts:coal_nugget":7,"undead_unleashed:grave_metal_boots":1,"minecraft:birch_sapling":1,"minecraft:coal":20,"minecraft:cobblestone":78}},"DataVersion":3120}