{"stats":{"minecraft:killed_by":{"alexsmobs:kangaroo":1},"minecraft:killed":{"alexsmobs:rattlesnake":1,"alexsmobs:kangaroo":3},"minecraft:mined":{"minecraft:yellow_terracotta":1,"minecraft:dark_oak_planks":3,"minecraft:orange_terracotta":3,"minecraft:crafting_table":1,"minecraft:torch":1,"gravestone:gravestone":1,"minecraft:oak_log":17,"minecraft:dead_bush":15,"minecraft:terracotta":4,"minecraft:stone":10,"minecraft:oak_leaves":2},"minecraft:crafted":{"minecraft:oak_door":3,"minecraft:oak_planks":72,"minecraft:crafting_table":1,"minecraft:stick":4,"minecraft:wooden_pickaxe":1,"minecraft:wooden_axe":1,"minecraft:torch":32},"minecraft:picked_up":{"minecraft:stick":15,"minecraft:crafting_table":1,"minecraft:chest_minecart":1,"minecraft:torch":3,"minecraft:oak_log":18,"minecraft:dark_oak_planks":3,"minecraft:orange_terracotta":3,"alexsmobs:kangaroo_hide":3,"minecraft:pumpkin_seeds":2,"minecraft:apple":2,"minecraft:yellow_terracotta":1,"minecraft:terracotta":7,"minecraft:oak_sapling":5,"alexsmobs:kangaroo_meat":4,"minecraft:cobblestone":9},"minecraft:custom":{"minecraft:time_since_rest":14060,"minecraft:sprint_one_cm":67320,"minecraft:damage_taken":580,"minecraft:walk_one_cm":54870,"minecraft:mob_kills":4,"minecraft:damage_dealt":839,"minecraft:swim_one_cm":7642,"minecraft:interact_with_crafting_table":5,"minecraft:fly_one_cm":19449,"minecraft:crouch_one_cm":117,"minecraft:play_time":17773,"minecraft:deaths":1,"minecraft:sneak_time":684,"minecraft:walk_under_water_one_cm":10086,"minecraft:jump":160,"minecraft:time_since_death":13996,"minecraft:walk_on_water_one_cm":2988,"minecraft:total_world_time":17773,"minecraft:fall_one_cm":4511},"minecraft:used":{"minecraft:wooden_axe":47,"minecraft:apple":2,"minecraft:oak_planks":3,"minecraft:wooden_pickaxe":18,"travelersbackpack:bat":2,"minecraft:oak_door":3,"minecraft:torch":27,"minecraft:terracotta":6,"minecraft:crafting_table":2,"minecraft:orange_terracotta":3}},"DataVersion":3120}