{"stats":{"minecraft:used":{"minecraft:dirt":5,"minecraft:crafting_table":1,"minecraft:wooden_pickaxe":6},"minecraft:crafted":{"minecraft:birch_planks":40,"minecraft:crafting_table":1,"minecraft:stick":4,"minecraft:wooden_pickaxe":1,"minecraft:wooden_axe":1},"minecraft:mined":{"minecraft:grass_block":3,"minecraft:dirt":7,"minecraft:birch_log":10,"minecraft:stone":4},"minecraft:killed":{"minecraft:chicken":1},"minecraft:custom":{"minecraft:time_since_rest":6029,"minecraft:sprint_one_cm":4917,"minecraft:play_time":6029,"minecraft:damage_taken":30,"minecraft:walk_one_cm":4464,"minecraft:mob_kills":1,"minecraft:jump":57,"minecraft:damage_dealt":40,"minecraft:leave_game":1,"minecraft:time_since_death":6029,"minecraft:total_world_time":6029,"minecraft:interact_with_crafting_table":2,"minecraft:fall_one_cm":3193,"minecraft:fly_one_cm":9533},"minecraft:picked_up":{"minecraft:birch_log":10,"minecraft:chicken":1,"minecraft:dirt":10,"minecraft:cobblestone":4}},"DataVersion":3120}