{"stats":{"minecraft:crafted":{"minecraft:oak_planks":84,"minecraft:stone_shovel":3,"minecraft:crafting_table":5,"minecraft:wooden_pickaxe":1,"minecraft:stone_axe":2,"minecraft:air":0,"minecraft:shield":3,"minecraft:stick":56,"minecraft:iron_ingot":15,"minecraft:stone_pickaxe":4,"minecraft:andesite_stairs":4,"minecraft:stone_sword":2,"minecraft:chest":1,"minecraft:torch":124},"minecraft:mined":{"minecraft:andesite_stairs":4,"minecraft:crafting_table":1,"minecraft:glow_lichen":1,"gravestone:gravestone":5,"minecraft:grass_block":2,"minecraft:chest":2,"minecraft:copper_ore":7,"minecraft:cobblestone":21,"minecraft:diorite":4,"minecraft:wall_torch":2,"minecraft:iron_ore":30,"minecraft:andesite":10,"minecraft:oak_log":24,"minecraft:coal_ore":48,"minecraft:gravel":38,"minecraft:dirt":7,"minecraft:cobweb":1,"minecraft:stone":108},"minecraft:picked_up":{"minecraft:crafting_table":2,"minecraft:feather":2,"minecraft:chicken":1,"minecraft:andesite":30,"minecraft:wooden_pickaxe":1,"minecraft:flint":6,"minecraft:oak_log":39,"gravestone:obituary":4,"minecraft:string":1,"minecraft:dirt":32,"minecraft:raw_copper":26,"gamma_beasts:meat":2,"arphex:burning_glands":1,"minecraft:stone_pickaxe":1,"minecraft:andesite_stairs":4,"minecraft:chest":3,"spartanweaponry:iron_flanged_mace":1,"minecraft:oak_planks":9,"minecraft:stick":4,"minecraft:raw_iron":34,"minecraft:copper_ingot":2,"minecraft:torch":57,"minecraft:gravel":64,"minecraft:porkchop":8,"minecraft:diorite":4,"alexsmobs:animal_dictionary":2,"minecraft:stone_sword":1,"minecraft:rotten_flesh":13,"minecraft:stone_shovel":1,"minecraft:stone_axe":1,"gamma_beasts:coal_nugget":40,"minecraft:oak_sapling":4,"minecraft:coal":95,"minecraft:cobblestone":235},"minecraft:dropped":{"minecraft:stone_shovel":1,"minecraft:chest":1,"minecraft:stone_pickaxe":1},"minecraft:killed_by":{"the_cuckoo_clock:chuckoo_clock_jumpscare":1,"minecraft:skeleton":1,"gamma_beasts:careyatros_a":1,"minecraft:zombie":2,"minecraft:drowned":2},"minecraft:killed":{"minecraft:pig":2,"minecraft:zombie":1,"minecraft:chicken":1,"minecraft:drowned":4},"minecraft:broken":{"minecraft:stone_pickaxe":1},"minecraft:custom":{"minecraft:interact_with_furnace":7,"minecraft:mob_kills":10,"minecraft:interact_with_crafting_table":25,"minecraft:damage_dealt_resisted":30,"minecraft:leave_game":2,"minecraft:time_since_death":13192,"minecraft:time_since_rest":13238,"minecraft:sprint_one_cm":55631,"minecraft:damage_taken":2027,"minecraft:walk_one_cm":125869,"minecraft:drop":3,"minecraft:damage_dealt":1771,"minecraft:swim_one_cm":20859,"minecraft:fly_one_cm":69650,"minecraft:open_chest":37,"minecraft:crouch_one_cm":11071,"minecraft:play_time":83738,"minecraft:deaths":7,"minecraft:sneak_time":6411,"minecraft:walk_under_water_one_cm":19742,"minecraft:jump":644,"minecraft:walk_on_water_one_cm":47210,"minecraft:total_world_time":83738,"minecraft:fall_one_cm":16396},"minecraft:used":{"minecraft:stone_sword":36,"minecraft:stone_pickaxe":210,"minecraft:stone_shovel":38,"minecraft:chest":3,"minecraft:wooden_pickaxe":28,"minecraft:rotten_flesh":4,"minecraft:torch":25,"minecraft:dirt":18,"minecraft:crafting_table":6,"minecraft:gravel":2,"minecraft:stone_axe":32,"minecraft:cobblestone":95,"minecraft:andesite_stairs":7,"minecraft:andesite":2}},"DataVersion":3120}