{"stats":{"minecraft:custom":{"minecraft:time_since_rest":26137,"minecraft:damage_absorbed":39,"minecraft:sprint_one_cm":66230,"minecraft:walk_one_cm":75054,"minecraft:damage_taken":1513,"minecraft:damage_blocked_by_shield":70,"minecraft:mob_kills":14,"minecraft:damage_dealt":5733,"minecraft:fly_one_cm":353883,"minecraft:crouch_one_cm":65,"minecraft:play_time":31026,"minecraft:deaths":4,"minecraft:sneak_time":54,"minecraft:damage_dealt_resisted":713,"minecraft:jump":987,"minecraft:leave_game":3,"minecraft:time_since_death":26120,"minecraft:total_world_time":31026,"minecraft:damage_resisted":3828,"minecraft:fall_one_cm":20656},"minecraft:killed_by":{"man:managgresive":1,"minecraft:skeleton":1,"the_one_who_watches:toww_running":1,"minecraft:zombie":1},"minecraft:used":{"minecraft:honey_block":81,"minecraft:netherite_sword":4,"minecraft:netherite_chestplate":2,"minecraft:netherite_boots":2,"minecraft:golden_apple":1,"minecraft:golden_carrot":6,"spartanshields:diamond_basic_shield":2,"minecraft:netherite_leggings":2,"minecraft:netherite_helmet":2,"minecraft:milk_bucket":1,"minecraft:cobweb":76},"minecraft:mined":{"undead_unleashed:ancient_dirt":10,"minecraft:grass":12,"minecraft:grass_block":5,"minecraft:dirt":1,"minecraft:tall_grass":3},"minecraft:killed":{"kevin_trophy:blister_zombie":1,"kevin_trophy:crawler_zombie":1,"minecraft:husk":3,"mutantmonsters:creeper_minion":1,"minecraft:zombie":1,"dungeons_mobs:frozen_zombie":1,"undead_unleashed:haunter":1,"arphex:spider_goliath":1,"undead_unleashed:flamebreather":1},"minecraft:picked_up":{"minecraft:netherite_boots":1,"scalinghealth:heart_crystal_shard":3,"undead_unleashed:demon_horn":2,"minecraft:quartz":1,"minecraft:music_disc_stal":1,"undead_unleashed:ghost_pepper":1,"spartanshields:diamond_basic_shield":1,"undead_unleashed:grave_metal_scrap":10,"gravestone:obituary":1,"minecraft:gunpowder":3,"minecraft:fermented_spider_eye":1,"minecraft:netherite_leggings":1,"minecraft:string":1,"minecraft:dirt":265,"undead_unleashed:necrotic_dust":1,"minecraft:arrow":5,"minecraft:bone":8,"minecraft:rotten_flesh":18,"minecraft:netherite_helmet":1,"minecraft:wheat_seeds":4,"minecraft:chainmail_leggings":1,"minecraft:netherite_sword":1,"scalinghealth:power_crystal_shard":7,"minecraft:netherite_chestplate":1,"arphex:mangled_spider_flesh":1,"minecraft:snowball":57,"minecraft:cobblestone":33}},"DataVersion":3120}