{"stats":{"minecraft:killed_by":{"arphex:hornet_harbinger":1,"minecraft:zombie":1},"minecraft:killed":{"arphex:spider_larvae_tiny":1,"arphex:hornet_harbinger":2,"minecraft:spider":1},"minecraft:mined":{"minecraft:coarse_dirt":37,"minecraft:crafting_table":1,"gravestone:gravestone":2,"minecraft:grass":2,"minecraft:grass_block":40,"minecraft:coal_ore":21,"minecraft:oak_log":14,"caverns_and_chasms:rocky_dirt":9,"minecraft:dead_bush":18,"minecraft:gravel":8,"minecraft:cobblestone":17,"minecraft:terracotta":3,"minecraft:stone":132,"minecraft:diorite":15,"minecraft:oak_leaves":5},"minecraft:crafted":{"minecraft:oak_planks":24,"minecraft:stone_shovel":1,"minecraft:crafting_table":2,"minecraft:stick":4,"minecraft:wooden_pickaxe":1,"minecraft:stone_pickaxe":1,"minecraft:stone_sword":1,"minecraft:torch":36,"minecraft:stone_axe":1},"minecraft:picked_up":{"minecraft:crafting_table":1,"minecraft:stick":14,"minecraft:coarse_dirt":37,"minecraft:oak_log":14,"minecraft:diorite":18,"minecraft:fermented_spider_eye":1,"minecraft:spider_eye":1,"minecraft:dirt":37,"minecraft:arrow":1,"minecraft:bone":4,"minecraft:rotten_flesh":1,"minecraft:stone_pickaxe":1,"gamma_beasts:coal_nugget":8,"alexsmobs:emu_egg":1,"minecraft:terracotta":3,"minecraft:oak_sapling":7,"minecraft:coal":16,"minecraft:cobblestone":157},"minecraft:custom":{"minecraft:time_since_rest":14576,"minecraft:sprint_one_cm":67273,"minecraft:walk_one_cm":89781,"minecraft:damage_taken":1470,"minecraft:mob_kills":5,"minecraft:damage_dealt":331,"minecraft:swim_one_cm":3509,"minecraft:interact_with_crafting_table":6,"minecraft:fly_one_cm":82348,"minecraft:open_chest":7,"minecraft:crouch_one_cm":10588,"minecraft:play_time":37136,"minecraft:deaths":3,"minecraft:sneak_time":3249,"minecraft:walk_under_water_one_cm":41776,"minecraft:jump":735,"minecraft:damage_dealt_resisted":19,"minecraft:walk_on_water_one_cm":15416,"minecraft:time_since_death":14529,"minecraft:total_world_time":37136,"minecraft:fall_one_cm":18618},"minecraft:used":{"minecraft:diorite":4,"minecraft:stone_sword":2,"minecraft:stone_shovel":83,"minecraft:stone_pickaxe":194,"minecraft:wooden_pickaxe":6,"minecraft:rotten_flesh":1,"minecraft:torch":5,"minecraft:stone_axe":1,"minecraft:terracotta":3,"minecraft:cobblestone":59,"minecraft:crafting_table":2,"minecraft:coarse_dirt":5},"minecraft:broken":{"minecraft:stone_pickaxe":1}},"DataVersion":3120}