{"stats":{"minecraft:custom":{"minecraft:mob_kills":34,"minecraft:damage_dealt_resisted":891,"minecraft:leave_game":3,"minecraft:time_since_death":62120,"minecraft:damage_resisted":5827,"minecraft:time_since_rest":62137,"minecraft:sprint_one_cm":177503,"minecraft:damage_taken":2969,"minecraft:walk_one_cm":137492,"minecraft:damage_absorbed":252,"minecraft:damage_blocked_by_shield":70,"minecraft:damage_dealt":20530,"minecraft:swim_one_cm":8384,"minecraft:fly_one_cm":682846,"minecraft:crouch_one_cm":921,"minecraft:play_time":67026,"minecraft:deaths":4,"minecraft:sneak_time":1125,"minecraft:walk_under_water_one_cm":1365,"minecraft:jump":2244,"minecraft:walk_on_water_one_cm":4606,"minecraft:total_world_time":67026,"minecraft:fall_one_cm":62550},"minecraft:killed_by":{"man:managgresive":1,"minecraft:skeleton":1,"the_one_who_watches:toww_running":1,"minecraft:zombie":1},"minecraft:used":{"minecraft:netherite_sword":4,"minecraft:netherite_chestplate":3,"minecraft:golden_apple":2,"scalinghealth:heart_crystal":1,"minecraft:netherite_leggings":3,"spartanshields:diamond_basic_shield":2,"minecraft:netherite_helmet":3,"minecraft:milk_bucket":2,"minecraft:honey_block":81,"minecraft:netherite_boots":3,"minecraft:golden_carrot":18,"minecraft:enchanted_golden_apple":3,"minecraft:cobweb":79},"minecraft:mined":{"farmersdelight:wild_carrots":2,"undead_unleashed:ancient_dirt":10,"minecraft:honey_block":3,"minecraft:grass_block":8,"minecraft:tall_grass":3,"minecraft:grass":20,"minecraft:dirt":2},"minecraft:killed":{"minecraft:husk":3,"twilightforest:alpha_yeti":1,"dungeons_mobs:wraith":1,"minecraft:creeper":1,"kevin_trophy:blister_zombie":1,"undead_unleashed:frenzied_knight":1,"minecraft:skeleton":4,"kevin_trophy:crawler_zombie":1,"goat_man:goat_man":1,"mutantmonsters:creeper_minion":1,"minecraft:zombie":6,"dungeons_mobs:frozen_zombie":1,"majruszsdifficulty:giant":1,"undead_unleashed:haunter":1,"man:manfromthefogback":1,"arphex:spider_goliath":1,"undead_unleashed:flamebreather":1},"minecraft:picked_up":{"rottencreatures:frozen_rotten_flesh":3,"minecraft:netherite_boots":1,"minecraft:music_disc_stal":1,"spartanshields:diamond_basic_shield":1,"gravestone:obituary":1,"minecraft:gunpowder":6,"scalinghealth:heart_crystal":1,"twilightforest:alpha_yeti_trophy":1,"minecraft:netherite_leggings":1,"minecraft:dirt":331,"minecraft:string":7,"undead_unleashed:necrotic_dust":3,"minecraft:bone":32,"undead_unleashed:grave_metal_ingot":1,"minecraft:wheat_seeds":7,"minecraft:netherite_sword":1,"twilightforest:ice_bomb":8,"scalinghealth:power_crystal_shard":7,"minecraft:egg":1,"scalinghealth:heart_crystal_shard":3,"undead_unleashed:demon_horn":2,"minecraft:quartz":1,"arphex:maggot_grub":1,"undead_unleashed:ghost_pepper":1,"minecraft:fire_charge":2,"undead_unleashed:grave_metal_scrap":36,"minecraft:carrot":2,"minecraft:fermented_spider_eye":1,"arphex:fly_appendage":1,"minecraft:arrow":19,"minecraft:rotten_flesh":62,"minecraft:netherite_helmet":1,"minecraft:honey_block":65,"minecraft:chainmail_leggings":1,"twilightforest:alpha_yeti_fur":7,"undead_unleashed:grave_metal_axe":1,"minecraft:netherite_chestplate":1,"arphex:mangled_spider_flesh":1,"minecraft:snowball":160,"minecraft:cobblestone":33}},"DataVersion":3120}