{"stats":{"minecraft:killed_by":{"arphex:hornet_harbinger":1,"minecraft:zombie":1},"minecraft:killed":{"arphex:spider_larvae_tiny":1,"arphex:hornet_harbinger":2},"minecraft:mined":{"minecraft:coarse_dirt":2,"gravestone:gravestone":2,"minecraft:grass":1,"minecraft:oak_log":14,"minecraft:dead_bush":17,"minecraft:cobblestone":16,"minecraft:stone":46,"minecraft:diorite":1,"minecraft:oak_leaves":5},"minecraft:crafted":{"minecraft:oak_planks":8,"minecraft:crafting_table":1,"minecraft:wooden_pickaxe":1},"minecraft:picked_up":{"minecraft:stick":9,"minecraft:coarse_dirt":3,"minecraft:oak_log":14,"minecraft:diorite":4,"minecraft:fermented_spider_eye":1,"minecraft:bone":2,"minecraft:rotten_flesh":1,"minecraft:stone_pickaxe":1,"alexsmobs:emu_egg":1,"minecraft:oak_sapling":7,"minecraft:cobblestone":62},"minecraft:custom":{"minecraft:time_since_rest":2576,"minecraft:sprint_one_cm":50961,"minecraft:walk_one_cm":58765,"minecraft:damage_taken":1297,"minecraft:mob_kills":4,"minecraft:damage_dealt":234,"minecraft:swim_one_cm":3509,"minecraft:interact_with_crafting_table":1,"minecraft:fly_one_cm":61297,"minecraft:open_chest":7,"minecraft:crouch_one_cm":7444,"minecraft:play_time":25136,"minecraft:deaths":3,"minecraft:sneak_time":2295,"minecraft:walk_under_water_one_cm":41776,"minecraft:jump":546,"minecraft:damage_dealt_resisted":19,"minecraft:walk_on_water_one_cm":15416,"minecraft:time_since_death":2529,"minecraft:total_world_time":25136,"minecraft:fall_one_cm":14704},"minecraft:used":{"minecraft:diorite":4,"minecraft:stone_pickaxe":63,"minecraft:wooden_pickaxe":3,"minecraft:cobblestone":55,"minecraft:crafting_table":1}},"DataVersion":3120}