{"stats":{"minecraft:custom":{"minecraft:time_since_rest":50137,"minecraft:damage_absorbed":39,"minecraft:sprint_one_cm":138413,"minecraft:walk_one_cm":118937,"minecraft:damage_taken":2383,"minecraft:damage_blocked_by_shield":70,"minecraft:mob_kills":30,"minecraft:damage_dealt":14704,"minecraft:fly_one_cm":545140,"minecraft:crouch_one_cm":921,"minecraft:play_time":55026,"minecraft:deaths":4,"minecraft:sneak_time":1048,"minecraft:damage_dealt_resisted":831,"minecraft:jump":1760,"minecraft:leave_game":3,"minecraft:time_since_death":50120,"minecraft:total_world_time":55026,"minecraft:damage_resisted":5136,"minecraft:fall_one_cm":44005},"minecraft:killed_by":{"man:managgresive":1,"minecraft:skeleton":1,"the_one_who_watches:toww_running":1,"minecraft:zombie":1},"minecraft:used":{"minecraft:honey_block":81,"minecraft:netherite_sword":4,"minecraft:netherite_chestplate":3,"minecraft:netherite_boots":3,"minecraft:golden_apple":1,"minecraft:golden_carrot":13,"spartanshields:diamond_basic_shield":2,"minecraft:netherite_leggings":3,"minecraft:netherite_helmet":3,"minecraft:enchanted_golden_apple":2,"minecraft:milk_bucket":2,"minecraft:cobweb":79},"minecraft:mined":{"farmersdelight:wild_carrots":2,"undead_unleashed:ancient_dirt":10,"minecraft:honey_block":3,"minecraft:grass":16,"minecraft:grass_block":8,"minecraft:dirt":2,"minecraft:tall_grass":3},"minecraft:picked_up":{"rottencreatures:frozen_rotten_flesh":3,"minecraft:netherite_boots":1,"scalinghealth:heart_crystal_shard":3,"undead_unleashed:demon_horn":2,"minecraft:quartz":1,"minecraft:music_disc_stal":1,"arphex:maggot_grub":1,"minecraft:fire_charge":2,"undead_unleashed:ghost_pepper":1,"spartanshields:diamond_basic_shield":1,"undead_unleashed:grave_metal_scrap":36,"gravestone:obituary":1,"minecraft:carrot":2,"minecraft:gunpowder":6,"minecraft:fermented_spider_eye":1,"minecraft:netherite_leggings":1,"minecraft:string":6,"minecraft:dirt":317,"arphex:fly_appendage":1,"undead_unleashed:necrotic_dust":3,"minecraft:arrow":19,"minecraft:bone":32,"minecraft:rotten_flesh":32,"undead_unleashed:grave_metal_ingot":1,"minecraft:netherite_helmet":1,"minecraft:wheat_seeds":4,"minecraft:honey_block":65,"minecraft:chainmail_leggings":1,"minecraft:netherite_sword":1,"scalinghealth:power_crystal_shard":7,"undead_unleashed:grave_metal_axe":1,"minecraft:netherite_chestplate":1,"arphex:mangled_spider_flesh":1,"minecraft:snowball":160,"minecraft:cobblestone":33,"minecraft:egg":1},"minecraft:killed":{"undead_unleashed:frenzied_knight":1,"minecraft:skeleton":4,"kevin_trophy:blister_zombie":1,"goat_man:goat_man":1,"kevin_trophy:crawler_zombie":1,"minecraft:husk":3,"mutantmonsters:creeper_minion":1,"minecraft:zombie":6,"dungeons_mobs:wraith":1,"dungeons_mobs:frozen_zombie":1,"undead_unleashed:haunter":1,"man:manfromthefogback":1,"arphex:spider_goliath":1,"minecraft:creeper":1,"undead_unleashed:flamebreather":1}},"DataVersion":3120}