{"stats":{"minecraft:custom":{"minecraft:time_since_rest":14137,"minecraft:sprint_one_cm":44694,"minecraft:walk_one_cm":36208,"minecraft:damage_taken":1353,"minecraft:mob_kills":7,"minecraft:damage_dealt":1443,"minecraft:fly_one_cm":243495,"minecraft:play_time":19026,"minecraft:deaths":4,"minecraft:damage_dealt_resisted":145,"minecraft:jump":610,"minecraft:leave_game":3,"minecraft:time_since_death":14120,"minecraft:total_world_time":19026,"minecraft:damage_resisted":3099,"minecraft:fall_one_cm":14829},"minecraft:killed_by":{"man:managgresive":1,"minecraft:skeleton":1,"the_one_who_watches:toww_running":1,"minecraft:zombie":1},"minecraft:used":{"minecraft:netherite_sword":4,"minecraft:netherite_chestplate":2,"minecraft:netherite_boots":2,"minecraft:golden_carrot":4,"minecraft:netherite_leggings":2,"minecraft:netherite_helmet":2},"minecraft:mined":{"undead_unleashed:ancient_dirt":10,"minecraft:grass":4,"minecraft:grass_block":5,"minecraft:dirt":1,"minecraft:tall_grass":3},"minecraft:killed":{"kevin_trophy:blister_zombie":1,"kevin_trophy:crawler_zombie":1,"minecraft:husk":3,"dungeons_mobs:frozen_zombie":1},"minecraft:picked_up":{"minecraft:netherite_boots":1,"scalinghealth:heart_crystal_shard":3,"minecraft:quartz":1,"minecraft:music_disc_stal":1,"spartanshields:diamond_basic_shield":1,"undead_unleashed:grave_metal_scrap":6,"gravestone:obituary":1,"minecraft:gunpowder":3,"minecraft:fermented_spider_eye":1,"minecraft:netherite_leggings":1,"minecraft:string":1,"minecraft:dirt":259,"minecraft:arrow":5,"minecraft:bone":7,"minecraft:rotten_flesh":14,"minecraft:netherite_helmet":1,"minecraft:wheat_seeds":4,"minecraft:chainmail_leggings":1,"minecraft:netherite_sword":1,"scalinghealth:power_crystal_shard":7,"minecraft:netherite_chestplate":1,"minecraft:snowball":12,"minecraft:cobblestone":27}},"DataVersion":3120}