{"stats":{"minecraft:broken":{"minecraft:stone_pickaxe":1},"minecraft:killed_by":{"the_cuckoo_clock:chuckoo_clock_jumpscare":1,"gamma_beasts:careyatros_a":1,"minecraft:zombie":1,"minecraft:drowned":1},"minecraft:killed":{"minecraft:pig":2,"minecraft:chicken":1,"minecraft:drowned":4},"minecraft:used":{"minecraft:stone_sword":33,"minecraft:stone_pickaxe":161,"minecraft:stone_shovel":35,"minecraft:chest":1,"minecraft:wooden_pickaxe":28,"minecraft:rotten_flesh":3,"minecraft:torch":14,"minecraft:dirt":18,"minecraft:crafting_table":4,"minecraft:stone_axe":29,"minecraft:cobblestone":32,"minecraft:andesite_stairs":5,"minecraft:andesite":2},"minecraft:dropped":{"minecraft:stone_shovel":1,"minecraft:chest":1,"minecraft:stone_pickaxe":1},"minecraft:mined":{"minecraft:andesite_stairs":3,"minecraft:crafting_table":1,"gravestone:gravestone":3,"minecraft:grass_block":2,"minecraft:chest":2,"minecraft:copper_ore":7,"minecraft:cobblestone":17,"minecraft:wall_torch":1,"minecraft:iron_ore":4,"minecraft:andesite":9,"minecraft:oak_log":24,"minecraft:coal_ore":48,"minecraft:gravel":35,"minecraft:dirt":6,"minecraft:stone":96},"minecraft:custom":{"minecraft:mob_kills":9,"minecraft:interact_with_crafting_table":13,"minecraft:damage_dealt_resisted":30,"minecraft:leave_game":2,"minecraft:time_since_death":6022,"minecraft:time_since_rest":6076,"minecraft:sprint_one_cm":40361,"minecraft:damage_taken":1015,"minecraft:walk_one_cm":74715,"minecraft:drop":3,"minecraft:damage_dealt":1614,"minecraft:swim_one_cm":20319,"minecraft:fly_one_cm":60771,"minecraft:open_chest":1,"minecraft:crouch_one_cm":6380,"minecraft:play_time":51507,"minecraft:deaths":4,"minecraft:sneak_time":3768,"minecraft:walk_under_water_one_cm":17168,"minecraft:jump":500,"minecraft:walk_on_water_one_cm":41502,"minecraft:total_world_time":51507,"minecraft:fall_one_cm":12417},"minecraft:crafted":{"minecraft:oak_planks":40,"minecraft:stone_shovel":2,"minecraft:crafting_table":3,"minecraft:wooden_pickaxe":1,"minecraft:stone_axe":1,"minecraft:stick":32,"minecraft:stone_pickaxe":3,"minecraft:andesite_stairs":4,"minecraft:stone_sword":1,"minecraft:torch":60},"minecraft:picked_up":{"minecraft:crafting_table":2,"minecraft:feather":2,"minecraft:chicken":1,"minecraft:andesite":29,"minecraft:wooden_pickaxe":1,"minecraft:flint":6,"minecraft:oak_log":38,"gravestone:obituary":4,"minecraft:dirt":24,"minecraft:raw_copper":26,"gamma_beasts:meat":2,"minecraft:stone_pickaxe":1,"minecraft:andesite_stairs":3,"minecraft:chest":3,"spartanweaponry:iron_flanged_mace":1,"minecraft:oak_planks":9,"minecraft:stick":4,"minecraft:raw_iron":8,"minecraft:copper_ingot":2,"minecraft:torch":56,"minecraft:gravel":61,"minecraft:porkchop":8,"alexsmobs:animal_dictionary":2,"minecraft:stone_sword":1,"minecraft:rotten_flesh":12,"minecraft:stone_shovel":1,"minecraft:stone_axe":1,"gamma_beasts:coal_nugget":40,"minecraft:oak_sapling":4,"minecraft:coal":95,"minecraft:cobblestone":219}},"DataVersion":3120}