{"stats":{"minecraft:killed_by":{"minecraft:zombie":1,"arphex:hornet_harbinger":1},"minecraft:killed":{"arphex:spider_larvae_tiny":1,"minecraft:spider":1,"arphex:hornet_harbinger":2},"minecraft:mined":{"minecraft:crafting_table":3,"minecraft:torch":1,"minecraft:glow_lichen":1,"gravestone:gravestone":2,"minecraft:granite":3,"minecraft:grass_block":40,"minecraft:dead_bush":18,"caverns_and_chasms:spinel_ore":1,"minecraft:cobblestone":17,"minecraft:diorite":15,"minecraft:coarse_dirt":37,"minecraft:iron_ore":27,"minecraft:grass":2,"minecraft:oak_log":14,"minecraft:coal_ore":45,"caverns_and_chasms:rocky_dirt":9,"minecraft:gravel":8,"minecraft:dirt":3,"minecraft:terracotta":3,"minecraft:stone":200,"minecraft:oak_leaves":5},"minecraft:crafted":{"minecraft:oak_planks":40,"minecraft:stone_shovel":1,"minecraft:crafting_table":2,"minecraft:wooden_pickaxe":1,"minecraft:furnace":4,"minecraft:stone_axe":1,"minecraft:stick":24,"minecraft:stone_pickaxe":3,"minecraft:stone_sword":1,"minecraft:chest":2,"minecraft:torch":100},"minecraft:custom":{"minecraft:interact_with_furnace":8,"minecraft:mob_kills":5,"minecraft:interact_with_crafting_table":9,"minecraft:damage_dealt_resisted":19,"minecraft:time_since_death":26529,"minecraft:time_since_rest":26576,"minecraft:sprint_one_cm":75359,"minecraft:damage_taken":1490,"minecraft:walk_one_cm":145117,"minecraft:damage_dealt":331,"minecraft:swim_one_cm":3509,"minecraft:fly_one_cm":84649,"minecraft:open_chest":10,"minecraft:crouch_one_cm":12029,"minecraft:play_time":49136,"minecraft:deaths":3,"minecraft:sneak_time":3779,"minecraft:walk_under_water_one_cm":41776,"minecraft:jump":894,"minecraft:walk_on_water_one_cm":15416,"minecraft:total_world_time":49136,"minecraft:fall_one_cm":20364},"minecraft:picked_up":{"minecraft:coarse_dirt":37,"minecraft:crafting_table":3,"minecraft:oak_log":14,"minecraft:dirt":40,"minecraft:bone":5,"minecraft:stone_pickaxe":1,"caverns_and_chasms:spinel":2,"minecraft:stick":14,"minecraft:raw_iron":27,"minecraft:torch":1,"minecraft:diorite":18,"minecraft:fermented_spider_eye":1,"minecraft:spider_eye":1,"minecraft:arrow":2,"minecraft:rotten_flesh":1,"minecraft:granite":3,"alexsmobs:emu_egg":1,"gamma_beasts:coal_nugget":15,"minecraft:terracotta":3,"minecraft:oak_sapling":7,"minecraft:coal":40,"minecraft:cobblestone":225},"minecraft:used":{"minecraft:diorite":4,"minecraft:stone_sword":2,"minecraft:stone_shovel":83,"minecraft:stone_pickaxe":320,"minecraft:chest":2,"minecraft:wooden_pickaxe":6,"minecraft:rotten_flesh":1,"minecraft:torch":33,"minecraft:dirt":6,"minecraft:terracotta":3,"minecraft:crafting_table":5,"minecraft:stone_axe":3,"minecraft:cobblestone":59,"minecraft:furnace":4,"minecraft:coarse_dirt":5},"minecraft:broken":{"minecraft:stone_pickaxe":1}},"DataVersion":3120}