{"stats":{"minecraft:killed_by":{"minecraft:zombie":1},"minecraft:mined":{"minecraft:oak_log":3,"minecraft:dead_bush":1,"minecraft:cobblestone":16,"minecraft:stone":43,"minecraft:diorite":1},"minecraft:picked_up":{"minecraft:stone_pickaxe":1,"minecraft:oak_log":3,"minecraft:diorite":4,"minecraft:fermented_spider_eye":1,"minecraft:cobblestone":59},"minecraft:custom":{"minecraft:time_since_rest":851,"minecraft:open_chest":1,"minecraft:crouch_one_cm":2371,"minecraft:play_time":13136,"minecraft:sprint_one_cm":10019,"minecraft:deaths":1,"minecraft:damage_taken":460,"minecraft:walk_one_cm":9248,"minecraft:sneak_time":1198,"minecraft:walk_under_water_one_cm":41776,"minecraft:damage_dealt_resisted":19,"minecraft:jump":140,"minecraft:damage_dealt":79,"minecraft:time_since_death":813,"minecraft:walk_on_water_one_cm":15416,"minecraft:total_world_time":13136,"minecraft:swim_one_cm":3509,"minecraft:fall_one_cm":418,"minecraft:fly_one_cm":8462},"minecraft:used":{"minecraft:diorite":4,"minecraft:cobblestone":55,"minecraft:stone_pickaxe":63}},"DataVersion":3120}