{"stats":{"minecraft:custom":{"minecraft:time_since_rest":3073,"minecraft:sprint_one_cm":29014,"minecraft:play_time":7962,"minecraft:deaths":4,"minecraft:damage_taken":1126,"minecraft:walk_one_cm":12626,"minecraft:jump":336,"minecraft:damage_dealt":153,"minecraft:time_since_death":3056,"minecraft:total_world_time":7962,"minecraft:damage_resisted":1592,"minecraft:fall_one_cm":9029,"minecraft:fly_one_cm":90455},"minecraft:killed_by":{"minecraft:skeleton":1,"man:managgresive":1,"the_one_who_watches:toww_running":1,"minecraft:zombie":1},"minecraft:used":{"minecraft:netherite_sword":4,"minecraft:netherite_boots":2,"minecraft:netherite_leggings":2,"minecraft:netherite_chestplate":2,"minecraft:netherite_helmet":2},"minecraft:mined":{"minecraft:grass":2,"minecraft:grass_block":2,"undead_unleashed:ancient_dirt":10},"minecraft:picked_up":{"minecraft:bone":3,"minecraft:netherite_boots":1,"minecraft:arrow":2,"minecraft:rotten_flesh":2,"minecraft:netherite_helmet":1,"minecraft:wheat_seeds":1,"minecraft:music_disc_stal":1,"minecraft:netherite_sword":1,"scalinghealth:power_crystal_shard":7,"undead_unleashed:grave_metal_scrap":4,"gravestone:obituary":1,"minecraft:gunpowder":3,"minecraft:netherite_chestplate":1,"minecraft:netherite_leggings":1,"minecraft:string":1,"minecraft:dirt":14}},"DataVersion":3120}