{"stats":{"minecraft:used":{"minecraft:diorite":2,"minecraft:stone_sword":5,"minecraft:stone_pickaxe":204,"minecraft:wooden_pickaxe":104,"minecraft:wooden_shovel":9,"minecraft:torch":27,"minecraft:rail":1,"minecraft:brown_terracotta":2,"minecraft:apple":1,"minecraft:iron_pickaxe":79,"minecraft:stone_axe":79,"minecraft:cobblestone":46,"minecraft:andesite":7,"minecraft:coarse_dirt":8},"minecraft:dropped":{"minecraft:oak_log":4,"minecraft:stone_pickaxe":2},"minecraft:custom":{"minecraft:interact_with_furnace":14,"minecraft:mob_kills":5,"minecraft:interact_with_crafting_table":15,"minecraft:damage_dealt_resisted":20,"minecraft:leave_game":2,"minecraft:time_since_death":25354,"minecraft:time_since_rest":25523,"minecraft:sprint_one_cm":93659,"minecraft:damage_taken":2364,"minecraft:walk_one_cm":322168,"minecraft:drop":6,"minecraft:damage_dealt":802,"minecraft:swim_one_cm":40045,"minecraft:player_kills":1,"minecraft:fly_one_cm":38214,"minecraft:open_chest":15,"minecraft:play_time":89801,"minecraft:crouch_one_cm":2,"minecraft:deaths":6,"minecraft:sneak_time":271,"minecraft:walk_under_water_one_cm":33756,"minecraft:jump":1120,"minecraft:walk_on_water_one_cm":21189,"minecraft:total_world_time":89801,"minecraft:fall_one_cm":18023},"minecraft:mined":{"caverns_and_chasms:deepslate_spinel_ore":1,"minecraft:orange_terracotta":14,"minecraft:torch":1,"minecraft:light_gray_terracotta":16,"gravestone:gravestone":4,"minecraft:granite":3,"minecraft:grass_block":2,"caverns_and_chasms:spinel_ore":8,"minecraft:dead_bush":3,"minecraft:copper_ore":25,"minecraft:cobblestone":2,"minecraft:diorite":7,"minecraft:wall_torch":1,"minecraft:deepslate_copper_ore":1,"minecraft:white_terracotta":9,"minecraft:red_terracotta":15,"minecraft:coarse_dirt":10,"minecraft:iron_ore":2,"gamma_beasts:prehnite_ore":4,"minecraft:andesite":25,"minecraft:pointed_dripstone":1,"minecraft:oak_log":67,"minecraft:coal_ore":26,"minecraft:deepslate_iron_ore":6,"minecraft:gravel":22,"minecraft:dirt":1,"minecraft:brown_terracotta":3,"minecraft:terracotta":58,"minecraft:stone":136,"minecraft:oak_leaves":44,"minecraft:deepslate":7},"minecraft:broken":{"minecraft:stone_pickaxe":1},"minecraft:killed":{"minecraft:spider":1,"dungeons_mobs:wraith":1,"arphex:moth_moonchaser":1,"minecraft:skeleton":1,"minecraft:zombie":1},"minecraft:killed_by":{"man:managgresive":1,"alexsmobs:centipede_head":1,"alexsmobs:rattlesnake":1,"cave_dweller:cave_dweller":1},"minecraft:picked_up":{"minecraft:coarse_dirt":8,"farmersdelight:rice":2,"minecraft:chest_minecart":1,"minecraft:andesite":24,"gamma_beasts:prehnite":4,"minecraft:flint":4,"minecraft:oak_log":63,"gravestone:obituary":1,"minecraft:shield":1,"travelersbackpack:gold_tier_upgrade":1,"minecraft:raw_copper":97,"minecraft:dirt":3,"minecraft:orange_terracotta":14,"minecraft:bone":3,"minecraft:apple":1,"caverns_and_chasms:spiked_rail":1,"minecraft:cobbled_deepslate":6,"minecraft:stone_pickaxe":1,"minecraft:iron_ingot":6,"minecraft:powered_rail":2,"minecraft:oak_planks":20,"farmersdelight:cabbage_seeds":4,"caverns_and_chasms:spinel":14,"minecraft:stick":17,"minecraft:raw_iron":9,"minecraft:brown_terracotta":3,"minecraft:torch":4,"minecraft:gravel":28,"farmersdelight:tomato_seeds":7,"minecraft:pointed_dripstone":1,"minecraft:diorite":4,"minecraft:red_terracotta":15,"minecraft:light_gray_terracotta":16,"arphex:fly_appendage":1,"minecraft:pumpkin_seeds":4,"minecraft:arrow":1,"minecraft:stone_axe":1,"minecraft:granite":2,"farmersdelight:rope":18,"minecraft:golden_apple":2,"gamma_beasts:coal_nugget":7,"minecraft:white_terracotta":9,"minecraft:terracotta":55,"minecraft:oak_sapling":10,"minecraft:glow_berries":5,"minecraft:melon_seeds":2,"minecraft:coal":29,"minecraft:rail":24,"minecraft:cobblestone":125},"minecraft:crafted":{"minecraft:oak_planks":28,"minecraft:wooden_shovel":1,"minecraft:wooden_pickaxe":2,"spartanweaponry:wooden_club":1,"minecraft:charcoal":11,"minecraft:stick":16,"minecraft:iron_ingot":9,"minecraft:iron_pickaxe":1,"minecraft:stone_pickaxe":4,"minecraft:stone_sword":2,"minecraft:torch":28}},"DataVersion":3120}