{"stats":{"minecraft:custom":{"minecraft:mob_kills":144,"minecraft:damage_dealt_resisted":1782,"minecraft:leave_game":2,"minecraft:time_since_death":74596,"minecraft:time_since_rest":74596,"minecraft:sprint_one_cm":85710,"minecraft:damage_taken":2573,"minecraft:walk_one_cm":312322,"minecraft:drop":9,"minecraft:damage_dealt":31838,"minecraft:fly_one_cm":322274,"minecraft:play_time":74596,"minecraft:jump":1162,"minecraft:total_world_time":74596,"minecraft:fall_one_cm":9877},"minecraft:dropped":{"minecraft:netherite_sword":1,"minecraft:netherite_helmet":1,"minecraft:netherite_chestplate":1,"cgm:mini_gun":1,"spartanshields:diamond_basic_shield":1,"minecraft:netherite_leggings":1,"magistuarmory:diamond_morgenstern":1,"minecraft:honey_block":64,"minecraft:netherite_boots":1},"minecraft:used":{"magistuarmory:diamond_morgenstern":187,"undead_unleashed:haunter_spawn_egg":1,"securitycraft:reinforced_obsidian":75,"scalinghealth:heart_crystal":68,"arphex:spider_goliath_spawn_egg":1,"goat_man:goat_man_spawn_egg":6,"mutantmonsters:mutant_creeper_spawn_egg":1,"kevin_trophy:crawler_zombie_spawn_egg":1,"undead_unleashed:flamebreather_spawn_egg":1,"kevin_trophy:blister_zombie_spawn_egg":1,"minecraft:chicken":2,"scalinghealth:power_crystal":256,"securitycraft:sentry":2,"undead_unleashed:graveriser_spawn_egg":1,"dungeons_mobs:frozen_zombie_spawn_egg":1,"minecraft:husk_spawn_egg":5,"gamma_beasts:meat":3,"cgm:mini_gun":1320,"minecraft:experience_bottle":110},"minecraft:mined":{"minecraft:torch":1,"minecraft:tall_grass":6,"minecraft:grass":16,"minecraft:dirt":1,"minecraft:oak_leaves":3},"minecraft:killed":{"minecraft:husk":3,"alexsmobs:raccoon":1,"minecraft:spider":7,"majruszsdifficulty:tank":1,"arphex:moth_moonchaser":6,"minecraft:creeper":12,"minecraft:skeleton":36,"gamma_beasts:sppinto_a":1,"minecraft:zombie":41,"alexsmobs:cachalot_whale":2,"minecraft:chicken":4,"minecraft:stray":5,"alexsmobs:fly":1,"alexsmobs:crow":1,"undead_unleashed:haunter":3,"arphex:ant_arsonist":1,"endofherobrine:cow":1,"minecraft:skeleton_horse":3,"gamma_beasts:muba_c":1,"gamma_beasts:muba_a":2,"gamma_beasts:sppinto_c":1,"minecraft:cow":8},"minecraft:picked_up":{"minecraft:feather":5,"minecraft:chicken":2,"gamma_beasts:fur":6,"minecraft:leather":2,"spartanweaponry:iron_longsword":1,"gamma_beasts:bird_thigh":1,"undead_unleashed:grave_metal_chestplate":1,"magistuarmory:diamond_morgenstern":1,"minecraft:shield":1,"minecraft:gunpowder":14,"scalinghealth:heart_crystal":2,"minecraft:dirt":238,"minecraft:string":8,"spartanweaponry:iron_rapier":2,"minecraft:leather_boots":1,"minecraft:bone":29,"gamma_beasts:meat":4,"minecraft:wheat_seeds":17,"cgm:mini_gun":1,"minecraft:beef":2,"arphex:burning_glands":1,"minecraft:iron_sword":2,"minecraft:egg":7,"minecraft:golden_helmet":3,"minecraft:tipped_arrow":1,"scalinghealth:heart_crystal_shard":5,"undead_unleashed:grave_metal_scrap":35,"minecraft:spider_eye":3,"arphex:fly_appendage":2,"minecraft:stone_sword":1,"minecraft:arrow":41,"minecraft:rotten_flesh":34,"minecraft:chainmail_leggings":1,"alexsmobs:maggot":1,"minecraft:coal":1,"minecraft:cobblestone":4}},"DataVersion":3120}