{"stats":{"minecraft:custom":{"minecraft:mob_kills":249,"minecraft:damage_dealt_resisted":5876,"minecraft:leave_game":3,"minecraft:time_since_death":141272,"minecraft:time_since_rest":141272,"minecraft:sprint_one_cm":101114,"minecraft:damage_taken":4014,"minecraft:walk_one_cm":391489,"minecraft:drop":11,"minecraft:damage_dealt":35933,"minecraft:fly_one_cm":839306,"minecraft:player_kills":2,"minecraft:play_time":141272,"minecraft:sneak_time":45,"minecraft:walk_under_water_one_cm":5355,"minecraft:jump":1548,"minecraft:walk_on_water_one_cm":1041,"minecraft:total_world_time":141272,"minecraft:fall_one_cm":26726},"minecraft:picked_up":{"minecraft:feather":5,"minecraft:chicken":2,"gamma_beasts:fur":10,"minecraft:leather":2,"spartanweaponry:iron_longsword":1,"majruszsdifficulty:tattered_helmet":1,"gamma_beasts:bird_thigh":2,"undead_unleashed:grave_metal_chestplate":1,"magistuarmory:diamond_morgenstern":1,"scalinghealth:bandages":1,"minecraft:shield":1,"minecraft:gunpowder":14,"scalinghealth:heart_crystal":2,"minecraft:dirt":1234,"minecraft:string":10,"spartanweaponry:iron_rapier":2,"undead_unleashed:necrotic_dust":1,"minecraft:leather_boots":1,"minecraft:bone":40,"minecraft:wheat_seeds":25,"gamma_beasts:meat":7,"cgm:mini_gun":1,"minecraft:beef":2,"arphex:burning_glands":1,"minecraft:melon_slice":1,"cgm:bazooka":1,"minecraft:iron_sword":2,"minecraft:egg":7,"minecraft:tipped_arrow":1,"minecraft:golden_helmet":3,"scalinghealth:heart_crystal_shard":13,"undead_unleashed:grave_metal_scrap":47,"minecraft:diorite":20,"minecraft:carrot":1,"minecraft:fermented_spider_eye":1,"spartanweaponry:wooden_longbow":1,"minecraft:spider_eye":3,"arphex:fly_appendage":2,"minecraft:stone_sword":1,"minecraft:arrow":47,"minecraft:rotten_flesh":43,"minecraft:beetroot_seeds":2,"minecraft:honey_block":2,"minecraft:chainmail_leggings":1,"scalinghealth:cursed_heart":1,"alexsmobs:maggot":3,"minecraft:coal":3,"minecraft:melon_seeds":1,"minecraft:cobblestone":260},"minecraft:killed":{"minecraft:husk":7,"minecraft:pig":1,"undead_unleashed:graveriser":1,"minecraft:salmon":4,"alexsmobs:raccoon":1,"minecraft:spider":10,"majruszsdifficulty:tank":2,"dungeons_mobs:wraith":1,"arphex:moth_moonchaser":10,"man:manfromthefog":1,"minecraft:creeper":16,"minecraft:phantom":1,"kevin_trophy:blister_zombie":1,"gamma_beasts:sppinto_a":4,"minecraft:skeleton":62,"alexsmobs:orca":1,"goat_man:goat_man":1,"kevin_trophy:crawler_zombie":1,"minecraft:zombie":60,"alexsmobs:cachalot_whale":4,"undead_unleashed:shadewraith":1,"takesapillage:clay_golem":1,"minecraft:chicken":5,"minecraft:stray":9,"alexsmobs:fly":4,"alexsmobs:crow":1,"undead_unleashed:haunter":5,"arphex:ant_arsonist":2,"endofherobrine:cow":1,"mutantmonsters:mutant_creeper":1,"minecraft:skeleton_horse":4,"gamma_beasts:muba_c":3,"gamma_beasts:muba_a":4,"gamma_beasts:sppinto_c":3,"minecraft:cow":8},"minecraft:used":{"magistuarmory:diamond_morgenstern":205,"majruszsdifficulty:giant_spawn_egg":1,"undead_unleashed:haunter_spawn_egg":1,"majruszsdifficulty:tank_spawn_egg":1,"man:manfromthefog_spawn_egg":3,"securitycraft:reinforced_obsidian":75,"scalinghealth:heart_crystal":104,"arphex:spider_goliath_spawn_egg":1,"cgm:bazooka":73,"majruszsdifficulty:cerberus_spawn_egg":1,"goat_man:goat_man_spawn_egg":8,"mutantmonsters:mutant_creeper_spawn_egg":1,"kevin_trophy:crawler_zombie_spawn_egg":1,"undead_unleashed:flamebreather_spawn_egg":1,"kevin_trophy:blister_zombie_spawn_egg":1,"minecraft:chicken":2,"man:manfromthefogback_spawn_egg":1,"cgm:assault_rifle":219,"scalinghealth:power_crystal":256,"majruszsdifficulty:cursed_armor_spawn_egg":1,"twilightforest:alpha_yeti_spawn_egg":1,"securitycraft:sentry":5,"undead_unleashed:graveriser_spawn_egg":2,"dungeons_mobs:frozen_zombie_spawn_egg":1,"majruszsdifficulty:illusioner_spawn_egg":1,"k_turrets:bullet_turret_item":12,"gamma_beasts:meat":3,"minecraft:husk_spawn_egg":5,"cgm:mini_gun":2651,"minecraft:experience_bottle":110},"minecraft:mined":{"minecraft:torch":1,"minecraft:tall_grass":6,"minecraft:grass":18,"minecraft:dirt":1,"minecraft:oak_leaves":3},"minecraft:dropped":{"cgm:advanced_bullet":64,"minecraft:netherite_sword":1,"minecraft:netherite_helmet":1,"minecraft:netherite_chestplate":1,"cgm:mini_gun":1,"spartanshields:diamond_basic_shield":1,"minecraft:netherite_leggings":1,"magistuarmory:diamond_morgenstern":1,"minecraft:honey_block":64,"cgm:bazooka":1,"minecraft:netherite_boots":1}},"DataVersion":3120}