{"stats":{"minecraft:killed_by":{"man:managgresive":1,"alexsmobs:centipede_head":1,"alexsmobs:rattlesnake":1,"cave_dweller:cave_dweller":1},"minecraft:killed":{"minecraft:spider":1,"dungeons_mobs:wraith":1,"minecraft:zombie":1},"minecraft:mined":{"minecraft:orange_terracotta":14,"minecraft:torch":1,"minecraft:light_gray_terracotta":16,"gravestone:gravestone":3,"minecraft:granite":2,"minecraft:grass_block":2,"minecraft:dead_bush":2,"minecraft:cobblestone":1,"minecraft:diorite":7,"minecraft:deepslate_copper_ore":1,"minecraft:white_terracotta":9,"minecraft:red_terracotta":15,"minecraft:coarse_dirt":10,"minecraft:iron_ore":2,"minecraft:andesite":23,"minecraft:coal_ore":2,"minecraft:pointed_dripstone":1,"minecraft:oak_log":67,"minecraft:deepslate_iron_ore":6,"minecraft:gravel":11,"minecraft:dirt":1,"minecraft:brown_terracotta":3,"minecraft:terracotta":58,"minecraft:stone":120,"minecraft:oak_leaves":44,"minecraft:deepslate":5},"minecraft:dropped":{"minecraft:oak_log":4,"minecraft:stone_pickaxe":2},"minecraft:crafted":{"minecraft:oak_planks":28,"minecraft:wooden_shovel":1,"minecraft:wooden_pickaxe":2,"spartanweaponry:wooden_club":1,"minecraft:charcoal":11,"minecraft:stick":12,"minecraft:iron_ingot":9,"minecraft:stone_pickaxe":4,"minecraft:stone_sword":2,"minecraft:torch":24},"minecraft:custom":{"minecraft:interact_with_furnace":14,"minecraft:mob_kills":3,"minecraft:interact_with_crafting_table":14,"minecraft:damage_dealt_resisted":20,"minecraft:time_since_death":1328,"minecraft:time_since_rest":1497,"minecraft:sprint_one_cm":79925,"minecraft:damage_taken":2158,"minecraft:walk_one_cm":243882,"minecraft:drop":6,"minecraft:damage_dealt":351,"minecraft:swim_one_cm":40045,"minecraft:fly_one_cm":32971,"minecraft:open_chest":13,"minecraft:crouch_one_cm":2,"minecraft:play_time":65775,"minecraft:deaths":6,"minecraft:sneak_time":258,"minecraft:walk_under_water_one_cm":33756,"minecraft:jump":741,"minecraft:walk_on_water_one_cm":21189,"minecraft:total_world_time":65775,"minecraft:fall_one_cm":11677},"minecraft:picked_up":{"minecraft:coarse_dirt":8,"farmersdelight:rice":2,"minecraft:chest_minecart":1,"minecraft:andesite":22,"minecraft:flint":3,"minecraft:oak_log":63,"gravestone:obituary":1,"travelersbackpack:gold_tier_upgrade":1,"minecraft:dirt":3,"minecraft:raw_copper":3,"minecraft:orange_terracotta":14,"minecraft:bone":2,"minecraft:apple":1,"caverns_and_chasms:spiked_rail":1,"minecraft:cobbled_deepslate":4,"minecraft:iron_ingot":6,"minecraft:stone_pickaxe":1,"minecraft:powered_rail":2,"minecraft:oak_planks":20,"farmersdelight:cabbage_seeds":4,"minecraft:stick":16,"minecraft:raw_iron":9,"minecraft:brown_terracotta":3,"minecraft:torch":3,"minecraft:gravel":17,"farmersdelight:tomato_seeds":7,"minecraft:pointed_dripstone":1,"minecraft:diorite":4,"minecraft:red_terracotta":15,"minecraft:light_gray_terracotta":16,"minecraft:pumpkin_seeds":4,"minecraft:stone_axe":1,"minecraft:granite":1,"minecraft:golden_apple":2,"farmersdelight:rope":18,"gamma_beasts:coal_nugget":2,"minecraft:white_terracotta":9,"minecraft:terracotta":55,"minecraft:oak_sapling":10,"minecraft:melon_seeds":2,"minecraft:glow_berries":5,"minecraft:coal":7,"minecraft:rail":24,"minecraft:cobblestone":110},"minecraft:used":{"minecraft:diorite":2,"minecraft:stone_sword":5,"minecraft:stone_pickaxe":197,"minecraft:wooden_pickaxe":104,"minecraft:wooden_shovel":9,"minecraft:torch":9,"minecraft:rail":1,"minecraft:brown_terracotta":2,"minecraft:apple":1,"minecraft:stone_axe":70,"minecraft:cobblestone":19,"minecraft:andesite":7,"minecraft:coarse_dirt":8},"minecraft:broken":{"minecraft:stone_pickaxe":1}},"DataVersion":3120}