{"stats":{"minecraft:custom":{"minecraft:mob_kills":164,"minecraft:damage_dealt_resisted":2008,"minecraft:leave_game":2,"minecraft:time_since_death":110596,"minecraft:time_since_rest":110596,"minecraft:sprint_one_cm":91280,"minecraft:damage_taken":2573,"minecraft:walk_one_cm":342991,"minecraft:drop":9,"minecraft:damage_dealt":33276,"minecraft:fly_one_cm":585572,"minecraft:play_time":110596,"minecraft:jump":1321,"minecraft:total_world_time":110596,"minecraft:fall_one_cm":9877},"minecraft:dropped":{"minecraft:netherite_sword":1,"minecraft:netherite_helmet":1,"minecraft:netherite_chestplate":1,"cgm:mini_gun":1,"spartanshields:diamond_basic_shield":1,"minecraft:netherite_leggings":1,"magistuarmory:diamond_morgenstern":1,"minecraft:honey_block":64,"minecraft:netherite_boots":1},"minecraft:used":{"magistuarmory:diamond_morgenstern":195,"majruszsdifficulty:giant_spawn_egg":1,"undead_unleashed:haunter_spawn_egg":1,"man:manfromthefog_spawn_egg":3,"securitycraft:reinforced_obsidian":75,"scalinghealth:heart_crystal":68,"arphex:spider_goliath_spawn_egg":1,"goat_man:goat_man_spawn_egg":8,"mutantmonsters:mutant_creeper_spawn_egg":1,"kevin_trophy:crawler_zombie_spawn_egg":1,"undead_unleashed:flamebreather_spawn_egg":1,"kevin_trophy:blister_zombie_spawn_egg":1,"minecraft:chicken":2,"man:manfromthefogback_spawn_egg":1,"scalinghealth:power_crystal":256,"twilightforest:alpha_yeti_spawn_egg":1,"securitycraft:sentry":5,"undead_unleashed:graveriser_spawn_egg":2,"dungeons_mobs:frozen_zombie_spawn_egg":1,"majruszsdifficulty:illusioner_spawn_egg":1,"k_turrets:bullet_turret_item":12,"minecraft:husk_spawn_egg":5,"gamma_beasts:meat":3,"cgm:mini_gun":2353,"minecraft:experience_bottle":110},"minecraft:mined":{"minecraft:torch":1,"minecraft:tall_grass":6,"minecraft:grass":16,"minecraft:dirt":1,"minecraft:oak_leaves":3},"minecraft:killed":{"minecraft:husk":3,"minecraft:pig":1,"undead_unleashed:graveriser":1,"minecraft:salmon":3,"alexsmobs:raccoon":1,"minecraft:spider":7,"majruszsdifficulty:tank":1,"arphex:moth_moonchaser":9,"man:manfromthefog":1,"minecraft:creeper":12,"minecraft:skeleton":39,"gamma_beasts:sppinto_a":1,"alexsmobs:orca":1,"kevin_trophy:crawler_zombie":1,"goat_man:goat_man":1,"minecraft:zombie":42,"alexsmobs:cachalot_whale":3,"minecraft:chicken":5,"minecraft:stray":5,"alexsmobs:fly":1,"alexsmobs:crow":1,"undead_unleashed:haunter":3,"arphex:ant_arsonist":2,"endofherobrine:cow":1,"minecraft:skeleton_horse":3,"gamma_beasts:muba_c":1,"gamma_beasts:muba_a":2,"gamma_beasts:sppinto_c":1,"minecraft:cow":8},"minecraft:picked_up":{"minecraft:feather":5,"minecraft:chicken":2,"gamma_beasts:fur":6,"minecraft:leather":2,"spartanweaponry:iron_longsword":1,"gamma_beasts:bird_thigh":1,"undead_unleashed:grave_metal_chestplate":1,"magistuarmory:diamond_morgenstern":1,"minecraft:shield":1,"minecraft:gunpowder":14,"scalinghealth:heart_crystal":2,"minecraft:dirt":238,"minecraft:string":10,"spartanweaponry:iron_rapier":2,"undead_unleashed:necrotic_dust":1,"minecraft:leather_boots":1,"minecraft:bone":32,"gamma_beasts:meat":4,"minecraft:wheat_seeds":18,"cgm:mini_gun":1,"minecraft:beef":2,"arphex:burning_glands":1,"minecraft:melon_slice":1,"minecraft:iron_sword":2,"minecraft:egg":7,"minecraft:golden_helmet":3,"minecraft:tipped_arrow":1,"scalinghealth:heart_crystal_shard":5,"undead_unleashed:grave_metal_scrap":38,"minecraft:carrot":1,"minecraft:spider_eye":3,"arphex:fly_appendage":2,"minecraft:stone_sword":1,"minecraft:arrow":41,"minecraft:rotten_flesh":38,"minecraft:beetroot_seeds":2,"minecraft:honey_block":2,"minecraft:chainmail_leggings":1,"alexsmobs:maggot":1,"minecraft:melon_seeds":1,"minecraft:coal":1,"minecraft:cobblestone":4}},"DataVersion":3120}