{"stats":{"minecraft:killed_by":{"alexsmobs:rattlesnake":1,"cave_dweller:cave_dweller":1},"minecraft:killed":{"dungeons_mobs:wraith":1,"minecraft:zombie":1},"minecraft:mined":{"minecraft:orange_terracotta":3,"minecraft:light_gray_terracotta":10,"gravestone:gravestone":2,"minecraft:granite":2,"minecraft:grass_block":2,"minecraft:dead_bush":1,"minecraft:cobblestone":1,"minecraft:diorite":7,"minecraft:deepslate_copper_ore":1,"minecraft:white_terracotta":4,"minecraft:red_terracotta":5,"minecraft:coarse_dirt":9,"minecraft:iron_ore":2,"minecraft:andesite":23,"minecraft:pointed_dripstone":1,"minecraft:oak_log":7,"minecraft:deepslate_iron_ore":6,"minecraft:gravel":3,"minecraft:terracotta":28,"minecraft:stone":67,"minecraft:deepslate":5},"minecraft:dropped":{"minecraft:stone_pickaxe":2},"minecraft:crafted":{"minecraft:oak_planks":20,"minecraft:wooden_shovel":1,"minecraft:wooden_pickaxe":2,"minecraft:stick":12,"minecraft:stone_pickaxe":3,"minecraft:stone_sword":1},"minecraft:custom":{"minecraft:interact_with_furnace":3,"minecraft:mob_kills":3,"minecraft:interact_with_crafting_table":7,"minecraft:damage_dealt_resisted":20,"minecraft:time_since_death":2040,"minecraft:time_since_rest":2127,"minecraft:sprint_one_cm":42077,"minecraft:damage_taken":1592,"minecraft:walk_one_cm":155963,"minecraft:drop":2,"minecraft:damage_dealt":303,"minecraft:swim_one_cm":40045,"minecraft:fly_one_cm":14123,"minecraft:open_chest":7,"minecraft:crouch_one_cm":2,"minecraft:play_time":41775,"minecraft:deaths":4,"minecraft:sneak_time":258,"minecraft:walk_under_water_one_cm":33756,"minecraft:jump":465,"minecraft:walk_on_water_one_cm":21189,"minecraft:total_world_time":41775,"minecraft:fall_one_cm":7938},"minecraft:picked_up":{"minecraft:coarse_dirt":8,"farmersdelight:rice":2,"minecraft:chest_minecart":1,"minecraft:andesite":22,"minecraft:oak_log":6,"travelersbackpack:gold_tier_upgrade":1,"minecraft:dirt":2,"minecraft:raw_copper":3,"minecraft:orange_terracotta":3,"caverns_and_chasms:spiked_rail":1,"minecraft:cobbled_deepslate":4,"minecraft:iron_ingot":6,"minecraft:stone_pickaxe":1,"minecraft:powered_rail":2,"minecraft:oak_planks":20,"farmersdelight:cabbage_seeds":4,"minecraft:stick":7,"minecraft:raw_iron":9,"minecraft:gravel":3,"farmersdelight:tomato_seeds":7,"minecraft:pointed_dripstone":1,"minecraft:diorite":4,"minecraft:red_terracotta":5,"minecraft:light_gray_terracotta":10,"minecraft:pumpkin_seeds":4,"minecraft:granite":1,"minecraft:golden_apple":2,"farmersdelight:rope":18,"minecraft:white_terracotta":4,"minecraft:terracotta":25,"minecraft:oak_sapling":2,"minecraft:melon_seeds":2,"minecraft:glow_berries":5,"minecraft:rail":24,"minecraft:cobblestone":56},"minecraft:used":{"minecraft:diorite":2,"minecraft:stone_sword":5,"minecraft:stone_pickaxe":71,"minecraft:wooden_pickaxe":104,"minecraft:wooden_shovel":9,"minecraft:rail":1,"minecraft:cobblestone":19,"minecraft:andesite":7,"minecraft:coarse_dirt":8}},"DataVersion":3120}