{"stats":{"minecraft:custom":{"minecraft:time_since_rest":50596,"minecraft:sprint_one_cm":70476,"minecraft:damage_taken":2573,"minecraft:walk_one_cm":226154,"minecraft:mob_kills":119,"minecraft:drop":7,"minecraft:damage_dealt":27499,"minecraft:fly_one_cm":267557,"minecraft:play_time":50596,"minecraft:damage_dealt_resisted":1468,"minecraft:jump":897,"minecraft:leave_game":2,"minecraft:time_since_death":50596,"minecraft:total_world_time":50596,"minecraft:fall_one_cm":9877},"minecraft:dropped":{"magistuarmory:diamond_morgenstern":1,"minecraft:netherite_sword":1,"minecraft:netherite_chestplate":1,"minecraft:netherite_boots":1,"minecraft:netherite_helmet":1,"cgm:mini_gun":1,"minecraft:netherite_leggings":1},"minecraft:used":{"goat_man:goat_man_spawn_egg":3,"magistuarmory:diamond_morgenstern":161,"minecraft:chicken":2,"scalinghealth:power_crystal":256,"securitycraft:reinforced_obsidian":75,"scalinghealth:heart_crystal":68,"cgm:mini_gun":932,"gamma_beasts:meat":3,"minecraft:experience_bottle":110},"minecraft:mined":{"minecraft:torch":1,"minecraft:grass":16,"minecraft:dirt":1,"minecraft:tall_grass":6,"minecraft:oak_leaves":3},"minecraft:killed":{"gamma_beasts:sppinto_a":1,"minecraft:skeleton":26,"minecraft:husk":3,"minecraft:zombie":35,"alexsmobs:cachalot_whale":2,"minecraft:chicken":4,"minecraft:stray":5,"alexsmobs:raccoon":1,"minecraft:spider":5,"majruszsdifficulty:tank":1,"alexsmobs:fly":1,"alexsmobs:crow":1,"undead_unleashed:haunter":3,"arphex:ant_arsonist":1,"minecraft:skeleton_horse":1,"arphex:moth_moonchaser":5,"minecraft:creeper":10,"gamma_beasts:sppinto_c":1,"gamma_beasts:muba_c":1,"gamma_beasts:muba_a":2,"minecraft:cow":7},"minecraft:picked_up":{"minecraft:tipped_arrow":1,"minecraft:golden_helmet":2,"scalinghealth:heart_crystal_shard":5,"minecraft:feather":5,"minecraft:chicken":2,"gamma_beasts:fur":6,"minecraft:leather":2,"spartanweaponry:iron_longsword":1,"gamma_beasts:bird_thigh":1,"undead_unleashed:grave_metal_chestplate":1,"magistuarmory:diamond_morgenstern":1,"undead_unleashed:grave_metal_scrap":28,"minecraft:shield":1,"minecraft:gunpowder":12,"minecraft:string":4,"minecraft:spider_eye":2,"minecraft:dirt":104,"spartanweaponry:iron_rapier":1,"minecraft:stone_sword":1,"minecraft:leather_boots":1,"arphex:fly_appendage":2,"minecraft:bone":18,"minecraft:arrow":32,"minecraft:rotten_flesh":29,"minecraft:wheat_seeds":13,"gamma_beasts:meat":4,"minecraft:chainmail_leggings":1,"cgm:mini_gun":1,"minecraft:beef":2,"arphex:burning_glands":1,"alexsmobs:maggot":1,"minecraft:iron_sword":2,"minecraft:cobblestone":1,"minecraft:egg":7}},"DataVersion":3120}