{"stats":{"minecraft:used":{"cgm:mini_gun":131},"minecraft:picked_up":{"minecraft:wheat_seeds":1},"minecraft:mined":{"minecraft:grass":2,"minecraft:oak_leaves":3},"minecraft:killed":{"alexsmobs:cachalot_whale":1,"minecraft:cow":2},"minecraft:custom":{"minecraft:jump":154,"minecraft:time_since_rest":5443,"minecraft:damage_dealt":91,"minecraft:sprint_one_cm":11834,"minecraft:play_time":5443,"minecraft:damage_taken":240,"minecraft:time_since_death":5443,"minecraft:walk_one_cm":12849,"minecraft:total_world_time":5443,"minecraft:mob_kills":3,"minecraft:fall_one_cm":4536,"minecraft:fly_one_cm":77970}},"DataVersion":3120}