{"stats":{"minecraft:killed_by":{"alexsmobs:rattlesnake":1},"minecraft:killed":{"dungeons_mobs:wraith":1},"minecraft:mined":{"minecraft:white_terracotta":4,"minecraft:red_terracotta":5,"minecraft:coarse_dirt":9,"minecraft:orange_terracotta":3,"minecraft:andesite":8,"minecraft:light_gray_terracotta":10,"gravestone:gravestone":1,"minecraft:pointed_dripstone":1,"minecraft:grass_block":2,"minecraft:oak_log":7,"minecraft:dead_bush":1,"minecraft:gravel":3,"minecraft:terracotta":28,"minecraft:stone":41,"minecraft:diorite":4,"minecraft:deepslate":4},"minecraft:crafted":{"minecraft:oak_planks":20,"minecraft:wooden_shovel":1,"minecraft:stick":12,"minecraft:wooden_pickaxe":2,"minecraft:stone_pickaxe":2},"minecraft:picked_up":{"minecraft:stick":7,"minecraft:coarse_dirt":8,"farmersdelight:rice":2,"minecraft:andesite":8,"minecraft:chest_minecart":1,"minecraft:gravel":3,"farmersdelight:tomato_seeds":7,"minecraft:oak_log":6,"minecraft:pointed_dripstone":1,"minecraft:diorite":4,"travelersbackpack:gold_tier_upgrade":1,"minecraft:red_terracotta":5,"minecraft:dirt":2,"minecraft:orange_terracotta":3,"minecraft:light_gray_terracotta":10,"minecraft:pumpkin_seeds":4,"caverns_and_chasms:spiked_rail":1,"minecraft:cobbled_deepslate":3,"minecraft:iron_ingot":6,"farmersdelight:rope":9,"minecraft:golden_apple":2,"minecraft:oak_sapling":2,"minecraft:white_terracotta":4,"minecraft:terracotta":25,"minecraft:powered_rail":2,"minecraft:melon_seeds":2,"minecraft:glow_berries":5,"minecraft:oak_planks":20,"farmersdelight:cabbage_seeds":4,"minecraft:rail":24,"minecraft:cobblestone":31},"minecraft:custom":{"minecraft:time_since_rest":11911,"minecraft:interact_with_furnace":2,"minecraft:sprint_one_cm":41245,"minecraft:damage_taken":1090,"minecraft:walk_one_cm":122224,"minecraft:mob_kills":1,"minecraft:damage_dealt":78,"minecraft:interact_with_crafting_table":6,"minecraft:swim_one_cm":39547,"minecraft:fly_one_cm":13590,"minecraft:open_chest":2,"minecraft:play_time":29775,"minecraft:deaths":3,"minecraft:sneak_time":192,"minecraft:walk_under_water_one_cm":16816,"minecraft:jump":342,"minecraft:time_since_death":11872,"minecraft:walk_on_water_one_cm":5279,"minecraft:total_world_time":29775,"minecraft:fall_one_cm":6833},"minecraft:used":{"minecraft:stone_pickaxe":11,"minecraft:wooden_pickaxe":104,"minecraft:wooden_shovel":9,"minecraft:cobblestone":15,"minecraft:rail":1,"minecraft:coarse_dirt":8}},"DataVersion":3120}