{"stats":{"minecraft:killed_by":{"alexsmobs:rattlesnake":1},"minecraft:mined":{"minecraft:white_terracotta":4,"minecraft:red_terracotta":5,"minecraft:coarse_dirt":9,"minecraft:orange_terracotta":3,"minecraft:light_gray_terracotta":10,"gravestone:gravestone":1,"minecraft:grass_block":2,"minecraft:oak_log":7,"minecraft:dead_bush":1,"minecraft:terracotta":28},"minecraft:crafted":{"minecraft:oak_planks":20,"minecraft:wooden_shovel":1,"minecraft:wooden_pickaxe":1},"minecraft:picked_up":{"minecraft:stick":7,"minecraft:coarse_dirt":8,"farmersdelight:rice":2,"minecraft:chest_minecart":1,"farmersdelight:tomato_seeds":7,"minecraft:oak_log":6,"travelersbackpack:gold_tier_upgrade":1,"minecraft:red_terracotta":5,"minecraft:dirt":2,"minecraft:orange_terracotta":3,"minecraft:light_gray_terracotta":10,"minecraft:pumpkin_seeds":4,"caverns_and_chasms:spiked_rail":1,"minecraft:iron_ingot":6,"farmersdelight:rope":9,"minecraft:golden_apple":2,"minecraft:oak_sapling":2,"minecraft:white_terracotta":4,"minecraft:terracotta":25,"minecraft:powered_rail":2,"minecraft:melon_seeds":2,"minecraft:glow_berries":5,"farmersdelight:cabbage_seeds":4,"minecraft:rail":24,"minecraft:cobblestone":1},"minecraft:custom":{"minecraft:time_since_rest":2323,"minecraft:sprint_one_cm":34611,"minecraft:damage_taken":630,"minecraft:walk_one_cm":87448,"minecraft:damage_dealt":20,"minecraft:interact_with_crafting_table":4,"minecraft:swim_one_cm":29358,"minecraft:fly_one_cm":10832,"minecraft:play_time":17775,"minecraft:deaths":2,"minecraft:sneak_time":42,"minecraft:walk_under_water_one_cm":8331,"minecraft:jump":235,"minecraft:time_since_death":2287,"minecraft:walk_on_water_one_cm":2705,"minecraft:total_world_time":17775,"minecraft:fall_one_cm":3420},"minecraft:used":{"minecraft:wooden_pickaxe":50,"minecraft:wooden_shovel":9,"minecraft:rail":1,"minecraft:coarse_dirt":8}},"DataVersion":3120}