{"stats":{"minecraft:crafted":{"minecraft:crafting_table":2,"minecraft:wooden_pickaxe":1,"minecraft:furnace":2,"minecraft:birch_planks":32,"minecraft:stone_axe":1,"minecraft:charcoal":5,"minecraft:stick":8,"minecraft:stone_pickaxe":1,"minecraft:stone_sword":1,"minecraft:chest":1,"minecraft:torch":32},"minecraft:mined":{"minecraft:andesite_stairs":1,"minecraft:crafting_table":2,"minecraft:glow_lichen":1,"gravestone:gravestone":8,"minecraft:granite":12,"minecraft:grass_block":7,"minecraft:chest":1,"minecraft:cobblestone":13,"minecraft:oak_planks":2,"minecraft:diorite":1,"minecraft:wall_torch":2,"minecraft:furnace":1,"minecraft:birch_log":45,"minecraft:iron_ore":11,"minecraft:fire":8,"minecraft:andesite":23,"minecraft:birch_leaves":1,"minecraft:oak_log":18,"minecraft:coal_ore":14,"minecraft:gravel":17,"minecraft:sand":3,"minecraft:dirt":21,"minecraft:stone":137,"minecraft:oak_leaves":7},"minecraft:picked_up":{"minecraft:birch_log":44,"minecraft:charcoal":8,"minecraft:crafting_table":2,"minecraft:andesite":23,"gamma_beasts:fur":8,"minecraft:flint":3,"minecraft:oak_log":19,"scalinghealth:heart_crystal":1,"minecraft:dirt":45,"minecraft:string":2,"minecraft:bone":2,"minecraft:apple":1,"caverns_and_chasms:spiked_rail":2,"minecraft:wheat_seeds":1,"minecraft:detector_rail":3,"minecraft:stone_pickaxe":1,"minecraft:andesite_stairs":1,"minecraft:chest":1,"minecraft:birch_sapling":2,"minecraft:oak_planks":8,"farmersdelight:cabbage_seeds":3,"minecraft:furnace":1,"minecraft:stick":7,"minecraft:raw_iron":7,"minecraft:sandstone":1,"minecraft:copper_ingot":1,"minecraft:torch":4,"minecraft:gravel":12,"minecraft:sand":3,"farmersdelight:tomato_seeds":5,"minecraft:diorite":1,"minecraft:spider_eye":1,"arphex:fly_appendage":1,"minecraft:stone_sword":1,"minecraft:arrow":2,"minecraft:rotten_flesh":3,"minecraft:stone_shovel":1,"minecraft:beetroot_seeds":10,"minecraft:stone_axe":1,"minecraft:granite":12,"gamma_beasts:coal_nugget":1,"minecraft:chainmail_helmet":1,"minecraft:oak_sapling":5,"minecraft:coal":6,"minecraft:cobblestone":171},"minecraft:killed":{"minecraft:cave_spider":2,"minecraft:pig":1,"minecraft:spider":1,"gamma_beasts:careyatros_a":1,"gamma_beasts:careyatros_c":1,"minecraft:zombie":7,"minecraft:drowned":2},"minecraft:killed_by":{"alexsmobs:skelewag":2,"the_cuckoo_clock:chuckoo_clock_jumpscare":1,"gamma_beasts:careyatros_a":2,"minecraft:zombie":3,"minecraft:drowned":1,"cave_dweller:cave_dweller":1,"rottencreatures:undead_miner":1},"minecraft:dropped":{"minecraft:stone_axe":1,"minecraft:oak_log":5,"minecraft:cobblestone":39},"minecraft:broken":{"minecraft:stone_pickaxe":1},"minecraft:custom":{"minecraft:interact_with_furnace":5,"minecraft:mob_kills":11,"minecraft:interact_with_crafting_table":15,"minecraft:damage_dealt_resisted":96,"minecraft:leave_game":3,"minecraft:time_since_death":18551,"minecraft:time_since_rest":18585,"minecraft:sprint_one_cm":74506,"minecraft:damage_taken":4007,"minecraft:walk_one_cm":340889,"minecraft:drop":3,"minecraft:damage_dealt":3063,"minecraft:swim_one_cm":11328,"minecraft:fly_one_cm":52050,"minecraft:open_chest":4,"minecraft:play_time":95520,"minecraft:deaths":12,"minecraft:walk_under_water_one_cm":22120,"minecraft:jump":802,"minecraft:walk_on_water_one_cm":38923,"minecraft:total_world_time":95520,"minecraft:fall_one_cm":14467},"minecraft:used":{"minecraft:stone_sword":35,"minecraft:stone_pickaxe":167,"minecraft:stone_shovel":13,"minecraft:chest":2,"minecraft:wooden_pickaxe":55,"minecraft:chainmail_helmet":1,"minecraft:torch":108,"minecraft:dirt":32,"minecraft:crafting_table":3,"minecraft:stone_axe":89,"minecraft:cobblestone":60,"minecraft:furnace":3,"minecraft:andesite_stairs":1}},"DataVersion":3120}