{"stats":{"minecraft:broken":{"minecraft:stone_pickaxe":1},"minecraft:killed":{"minecraft:spider":1,"gamma_beasts:careyatros_a":1,"gamma_beasts:careyatros_c":1,"minecraft:zombie":2,"minecraft:drowned":2},"minecraft:killed_by":{"alexsmobs:skelewag":2,"the_cuckoo_clock:chuckoo_clock_jumpscare":1,"gamma_beasts:careyatros_a":2,"minecraft:zombie":1,"minecraft:drowned":1},"minecraft:used":{"minecraft:stone_sword":5,"minecraft:stone_shovel":13,"minecraft:stone_pickaxe":139,"minecraft:chest":2,"minecraft:wooden_pickaxe":53,"minecraft:torch":21,"minecraft:dirt":3,"minecraft:crafting_table":2,"minecraft:stone_axe":89,"minecraft:cobblestone":41,"minecraft:furnace":3},"minecraft:dropped":{"minecraft:stone_axe":1},"minecraft:mined":{"minecraft:crafting_table":1,"gravestone:gravestone":4,"minecraft:granite":10,"minecraft:grass_block":7,"minecraft:chest":1,"minecraft:cobblestone":9,"minecraft:wall_torch":1,"minecraft:furnace":1,"minecraft:birch_log":45,"minecraft:iron_ore":6,"minecraft:andesite":23,"minecraft:birch_leaves":1,"minecraft:oak_log":18,"minecraft:coal_ore":7,"minecraft:gravel":17,"minecraft:sand":3,"minecraft:dirt":17,"minecraft:stone":128,"minecraft:oak_leaves":7},"minecraft:custom":{"minecraft:interact_with_furnace":3,"minecraft:mob_kills":6,"minecraft:interact_with_crafting_table":12,"minecraft:damage_dealt_resisted":63,"minecraft:leave_game":3,"minecraft:time_since_death":6134,"minecraft:time_since_rest":6178,"minecraft:sprint_one_cm":43889,"minecraft:damage_taken":2644,"minecraft:walk_one_cm":163160,"minecraft:drop":1,"minecraft:damage_dealt":2041,"minecraft:swim_one_cm":11328,"minecraft:fly_one_cm":36153,"minecraft:open_chest":4,"minecraft:play_time":58886,"minecraft:deaths":8,"minecraft:walk_under_water_one_cm":10507,"minecraft:jump":585,"minecraft:walk_on_water_one_cm":29908,"minecraft:total_world_time":58886,"minecraft:fall_one_cm":13230},"minecraft:crafted":{"minecraft:crafting_table":2,"minecraft:wooden_pickaxe":1,"minecraft:furnace":2,"minecraft:birch_planks":32,"minecraft:stone_axe":1,"minecraft:charcoal":5,"minecraft:stick":8,"minecraft:stone_pickaxe":1,"minecraft:stone_sword":1,"minecraft:chest":1,"minecraft:torch":20},"minecraft:picked_up":{"minecraft:birch_log":44,"minecraft:charcoal":8,"minecraft:crafting_table":1,"minecraft:andesite":23,"gamma_beasts:fur":8,"minecraft:flint":3,"minecraft:oak_log":19,"minecraft:dirt":34,"minecraft:apple":1,"minecraft:wheat_seeds":1,"minecraft:stone_pickaxe":1,"minecraft:chest":1,"minecraft:birch_sapling":2,"minecraft:furnace":1,"minecraft:stick":7,"minecraft:raw_iron":2,"minecraft:copper_ingot":1,"minecraft:torch":1,"minecraft:gravel":12,"minecraft:sand":3,"arphex:fly_appendage":1,"minecraft:rotten_flesh":1,"minecraft:stone_shovel":1,"minecraft:stone_axe":1,"minecraft:granite":10,"minecraft:chainmail_helmet":1,"minecraft:oak_sapling":5,"minecraft:cobblestone":147}},"DataVersion":3120}