{
  "minecraft:recipes/building_blocks/yellow_terracotta": {
    "criteria": {
      "has_terracotta": "2024-08-18 03:37:02 +0000"
    },
    "done": true
  },
  "spartanshields:recipes/spartanshields/stone_tower_shield": {
    "criteria": {
      "has_cobblestone": "2024-08-18 03:39:14 +0000"
    },
    "done": true
  },
  "minecraft:recipes/decorations/smoker": {
    "criteria": {
      "has_furnace": "2024-08-18 03:46:08 +0000"
    },
    "done": true
  },
  "scalinghealth:recipes/scalinghealth/power_crystal": {
    "criteria": {
      "cobblestone": "2024-08-18 03:39:14 +0000"
    },
    "done": true
  },
  "minecraft:recipes/redstone/lever": {
    "criteria": {
      "has_cobblestone": "2024-08-18 03:39:14 +0000"
    },
    "done": true
  },
  "minecraft:recipes/building_blocks/purple_terracotta": {
    "criteria": {
      "has_terracotta": "2024-08-18 03:37:02 +0000"
    },
    "done": true
  },
  "spartanweaponry:recipes/spartanweaponry.basic/stone_greatsword": {
    "criteria": {
      "has_cobblestone": "2024-08-18 03:39:14 +0000"
    },
    "done": true
  },
  "minecraft:recipes/building_blocks/cobblestone_stairs_from_cobblestone_stonecutting": {
    "criteria": {
      "has_cobblestone": "2024-08-18 03:39:14 +0000"
    },
    "done": true
  },
  "minecraft:recipes/building_blocks/polished_deepslate": {
    "criteria": {
      "has_cobbled_deepslate": "2024-08-18 03:48:03 +0000"
    },
    "done": true
  },
  "minecraft:recipes/building_blocks/chiseled_deepslate_from_cobbled_deepslate_stonecutting": {
    "criteria": {
      "has_cobbled_deepslate": "2024-08-18 03:48:03 +0000"
    },
    "done": true
  },
  "caverns_and_chasms:recipes/building_blocks/cobblestone_bricks": {
    "criteria": {
      "has_cobblestone": "2024-08-18 03:39:14 +0000"
    },
    "done": true
  },
  "spartanweaponry:recipes/spartanweaponry.basic/wooden_katana": {
    "criteria": {
      "has_wood": "2024-08-18 03:26:48 +0000"
    },
    "done": true
  },
  "spartanweaponry:recipes/spartanweaponry.basic/wooden_quarterstaff": {
    "criteria": {
      "has_wood": "2024-08-18 03:26:48 +0000"
    },
    "done": true
  },
  "scalinghealth:recipes/scalinghealth/medkit": {
    "criteria": {
      "cobblestone": "2024-08-18 03:39:14 +0000"
    },
    "done": true
  },
  "minecraft:recipes/decorations/crafting_table": {
    "criteria": {
      "has_planks": "2024-08-18 03:26:48 +0000"
    },
    "done": true
  },
  "minecraft:recipes/decorations/campfire": {
    "criteria": {
      "has_stick": "2024-08-18 03:27:00 +0000"
    },
    "done": true
  },
  "caverns_and_chasms:adventure/dont_move": {
    "criteria": {
      "spotted_by_peeper": "2024-08-18 03:39:02 +0000"
    },
    "done": true
  },
  "minecraft:recipes/decorations/ladder": {
    "criteria": {
      "has_stick": "2024-08-18 03:27:00 +0000"
    },
    "done": true
  },
  "minecraft:recipes/building_blocks/dark_oak_slab": {
    "criteria": {
      "has_planks": "2024-08-18 03:32:27 +0000"
    },
    "done": true
  },
  "minecraft:recipes/decorations/chest": {
    "criteria": {
      "has_lots_of_items": "2024-08-18 03:29:44 +0000"
    },
    "done": true
  },
  "caverns_and_chasms:recipes/decorations/cobblestone_brick_wall_from_cobblestone_stonecutting": {
    "criteria": {
      "has_cobblestone": "2024-08-18 03:39:14 +0000"
    },
    "done": true
  },
  "minecraft:recipes/building_blocks/cobbled_deepslate_slab": {
    "criteria": {
      "has_cobbled_deepslate": "2024-08-18 03:48:03 +0000"
    },
    "done": true
  },
  "minecraft:recipes/transportation/mangrove_boat": {
    "criteria": {
      "in_water": "2024-08-18 03:32:05 +0000"
    },
    "done": true
  },
  "minecraft:recipes/building_blocks/deepslate_tile_slab_from_cobbled_deepslate_stonecutting": {
    "criteria": {
      "has_cobbled_deepslate": "2024-08-18 03:48:03 +0000"
    },
    "done": true
  },
  "minecraft:recipes/tools/wooden_shovel": {
    "criteria": {
      "has_stick": "2024-08-18 03:27:00 +0000"
    },
    "done": true
  },
  "minecraft:recipes/decorations/torch": {
    "criteria": {
      "has_the_recipe": "2024-08-18 03:33:05 +0000"
    },
    "done": true
  },
  "minecraft:recipes/redstone/dark_oak_button": {
    "criteria": {
      "has_planks": "2024-08-18 03:32:27 +0000"
    },
    "done": true
  },
  "minecraft:recipes/misc/stick": {
    "criteria": {
      "has_planks": "2024-08-18 03:26:48 +0000"
    },
    "done": true
  },
  "minecraft:recipes/transportation/spruce_boat": {
    "criteria": {
      "in_water": "2024-08-18 03:32:05 +0000"
    },
    "done": true
  },
  "caverns_and_chasms:recipes/building_blocks/cobblestone_tiles_from_cobblestone_stonecutting": {
    "criteria": {
      "has_cobblestone": "2024-08-18 03:39:14 +0000"
    },
    "done": true
  },
  "spartanweaponry:recipes/spartanweaponry.basic/stone_boomerang": {
    "criteria": {
      "has_cobblestone": "2024-08-18 03:39:14 +0000"
    },
    "done": true
  },
  "minecraft:recipes/building_blocks/lime_terracotta": {
    "criteria": {
      "has_terracotta": "2024-08-18 03:37:02 +0000"
    },
    "done": true
  },
  "spartanweaponry:recipes/spartanweaponry.basic/pole_from_leather": {
    "criteria": {
      "has_stick": "2024-08-18 03:27:00 +0000"
    },
    "done": true
  },
  "caverns_and_chasms:recipes/decorations/brazier": {
    "criteria": {
      "has_coal": "2024-08-18 03:32:46 +0000"
    },
    "done": true
  },
  "alexsmobs:alexsmobs/kangaroo": {
    "criteria": {
      "killed_by": "2024-08-18 03:28:30 +0000"
    },
    "done": true
  },
  "mutantmonsters:root": {
    "criteria": {
      "killed_something": "2024-08-18 03:27:23 +0000"
    },
    "done": true
  },
  "minecraft:recipes/redstone/dark_oak_door": {
    "criteria": {
      "has_planks": "2024-08-18 03:32:27 +0000"
    },
    "done": true
  },
  "minecraft:husbandry/balanced_diet": {
    "criteria": {
      "apple": "2024-08-18 03:35:51 +0000"
    },
    "done": false
  },
  "minecraft:recipes/building_blocks/gray_terracotta": {
    "criteria": {
      "has_terracotta": "2024-08-18 03:37:02 +0000"
    },
    "done": true
  },
  "minecraft:recipes/building_blocks/light_gray_terracotta": {
    "criteria": {
      "has_terracotta": "2024-08-18 03:37:02 +0000"
    },
    "done": true
  },
  "minecraft:recipes/tools/wooden_hoe": {
    "criteria": {
      "has_stick": "2024-08-18 03:27:00 +0000"
    },
    "done": true
  },
  "minecraft:recipes/building_blocks/cobblestone_slab": {
    "criteria": {
      "has_cobblestone": "2024-08-18 03:39:14 +0000"
    },
    "done": true
  },
  "endofherobrine:story/root": {
    "criteria": {
      "requirement": "2024-08-18 03:26:22 +0000"
    },
    "done": true
  },
  "spartanweaponry:recipes/spartanweaponry.basic/wooden_glaive": {
    "criteria": {
      "has_wood": "2024-08-18 03:26:48 +0000"
    },
    "done": true
  },
  "minecraft:recipes/building_blocks/cobblestone_stairs": {
    "criteria": {
      "has_cobblestone": "2024-08-18 03:39:14 +0000"
    },
    "done": true
  },
  "minecraft:recipes/building_blocks/pink_terracotta": {
    "criteria": {
      "has_terracotta": "2024-08-18 03:37:02 +0000"
    },
    "done": true
  },
  "minecraft:recipes/decorations/cobbled_deepslate_wall_from_cobbled_deepslate_stonecutting": {
    "criteria": {
      "has_cobbled_deepslate": "2024-08-18 03:48:03 +0000"
    },
    "done": true
  },
  "spartanweaponry:recipes/spartanweaponry.basic/wooden_rapier": {
    "criteria": {
      "has_wood": "2024-08-18 03:26:48 +0000"
    },
    "done": true
  },
  "alexsmobs:alexsmobs/rattlesnake": {
    "criteria": {
      "killed_by": "2024-08-18 03:27:20 +0000"
    },
    "done": true
  },
  "minecraft:recipes/building_blocks/deepslate_tile_stairs_from_cobbled_deepslate_stonecutting": {
    "criteria": {
      "has_cobbled_deepslate": "2024-08-18 03:48:03 +0000"
    },
    "done": true
  },
  "minecraft:recipes/building_blocks/magenta_terracotta": {
    "criteria": {
      "has_terracotta": "2024-08-18 03:37:02 +0000"
    },
    "done": true
  },
  "minecraft:recipes/building_blocks/deepslate_tiles_from_cobbled_deepslate_stonecutting": {
    "criteria": {
      "has_cobbled_deepslate": "2024-08-18 03:48:03 +0000"
    },
    "done": true
  },
  "spartanweaponry:recipes/spartanweaponry.basic/wooden_flanged_mace": {
    "criteria": {
      "has_wood": "2024-08-18 03:26:48 +0000"
    },
    "done": true
  },
  "minecraft:recipes/building_blocks/orange_terracotta": {
    "criteria": {
      "has_terracotta": "2024-08-18 03:37:02 +0000"
    },
    "done": true
  },
  "spartanweaponry:recipes/spartanweaponry.basic/wooden_boomerang": {
    "criteria": {
      "has_wood": "2024-08-18 03:26:48 +0000"
    },
    "done": true
  },
  "caverns_and_chasms:recipes/building_blocks/cobblestone_tile_slab_from_cobblestone_stonecutting": {
    "criteria": {
      "has_cobblestone": "2024-08-18 03:39:14 +0000"
    },
    "done": true
  },
  "spartanweaponry:recipes/spartanweaponry.basic/stone_warhammer": {
    "criteria": {
      "has_cobblestone": "2024-08-18 03:39:14 +0000"
    },
    "done": true
  },
  "minecraft:recipes/redstone/oak_fence_gate": {
    "criteria": {
      "has_planks": "2024-08-18 03:26:48 +0000"
    },
    "done": true
  },
  "spartanshields:recipes/spartanshields/stone_basic_shield": {
    "criteria": {
      "has_cobblestone": "2024-08-18 03:39:14 +0000"
    },
    "done": true
  },
  "spartanweaponry:recipes/spartanweaponry.basic/stone_saber": {
    "criteria": {
      "has_cobblestone": "2024-08-18 03:39:14 +0000"
    },
    "done": true
  },
  "spartanweaponry:recipes/spartanweaponry.basic/simple_handle": {
    "criteria": {
      "has_stick": "2024-08-18 03:27:00 +0000"
    },
    "done": true
  },
  "spartanweaponry:recipes/spartanweaponry.basic/wooden_warhammer": {
    "criteria": {
      "has_wood": "2024-08-18 03:26:48 +0000"
    },
    "done": true
  },
  "takesapillage:root": {
    "criteria": {
      "always": "2024-08-18 03:25:53 +0000"
    },
    "done": true
  },
  "spartanweaponry:recipes/spartanweaponry.basic/wooden_throwing_knife": {
    "criteria": {
      "has_wood": "2024-08-18 03:26:48 +0000"
    },
    "done": true
  },
  "spartanweaponry:recipes/spartanweaponry.basic/stone_longsword": {
    "criteria": {
      "has_cobblestone": "2024-08-18 03:39:14 +0000"
    },
    "done": true
  },
  "minecraft:story/mine_stone": {
    "criteria": {
      "get_stone": "2024-08-18 03:39:14 +0000"
    },
    "done": true
  },
  "spartanweaponry:recipes/spartanweaponry.basic/wooden_spear": {
    "criteria": {
      "has_wood": "2024-08-18 03:26:48 +0000"
    },
    "done": true
  },
  "minecraft:recipes/decorations/furnace": {
    "criteria": {
      "has_cobblestone": "2024-08-18 03:39:14 +0000"
    },
    "done": true
  },
  "minecraft:recipes/decorations/deepslate_brick_wall_from_cobbled_deepslate_stonecutting": {
    "criteria": {
      "has_cobbled_deepslate": "2024-08-18 03:48:03 +0000"
    },
    "done": true
  },
  "minecraft:recipes/decorations/orange_glazed_terracotta": {
    "criteria": {
      "has_orange_terracotta": "2024-08-18 03:37:00 +0000"
    },
    "done": true
  },
  "spartanweaponry:recipes/spartanweaponry.basic/wooden_longbow": {
    "criteria": {
      "has_wood": "2024-08-18 03:26:48 +0000"
    },
    "done": true
  },
  "minecraft:recipes/misc/charcoal": {
    "criteria": {
      "has_log": "2024-08-18 03:26:24 +0000"
    },
    "done": true
  },
  "spartanweaponry:recipes/spartanweaponry.basic/stone_glaive": {
    "criteria": {
      "has_cobblestone": "2024-08-18 03:39:14 +0000"
    },
    "done": true
  },
  "minecraft:recipes/tools/wooden_pickaxe": {
    "criteria": {
      "has_stick": "2024-08-18 03:27:00 +0000"
    },
    "done": true
  },
  "minecraft:recipes/building_blocks/cobblestone_slab_from_cobblestone_stonecutting": {
    "criteria": {
      "has_cobblestone": "2024-08-18 03:39:14 +0000"
    },
    "done": true
  },
  "minecraft:recipes/building_blocks/cobbled_deepslate_stairs": {
    "criteria": {
      "has_cobbled_deepslate": "2024-08-18 03:48:03 +0000"
    },
    "done": true
  },
  "minecraft:husbandry/root": {
    "criteria": {
      "consumed_item": "2024-08-18 03:35:51 +0000"
    },
    "done": true
  },
  "minecraft:recipes/transportation/birch_boat": {
    "criteria": {
      "in_water": "2024-08-18 03:32:05 +0000"
    },
    "done": true
  },
  "minecraft:recipes/building_blocks/oak_stairs": {
    "criteria": {
      "has_planks": "2024-08-18 03:26:48 +0000"
    },
    "done": true
  },
  "caverns_and_chasms:recipes/building_blocks/cobblestone_brick_stairs_from_cobblestone_stonecutting": {
    "criteria": {
      "has_cobblestone": "2024-08-18 03:39:14 +0000"
    },
    "done": true
  },
  "securitycraft:recipes/securitycraft/sonic_security_system": {
    "criteria": {
      "has_stick": "2024-08-18 03:27:00 +0000"
    },
    "done": true
  },
  "minecraft:recipes/building_blocks/cobbled_deepslate_stairs_from_cobbled_deepslate_stonecutting": {
    "criteria": {
      "has_cobbled_deepslate": "2024-08-18 03:48:03 +0000"
    },
    "done": true
  },
  "caverns_and_chasms:recipes/transportation/azalea_boat": {
    "criteria": {
      "in_water": "2024-08-18 03:32:05 +0000"
    },
    "done": true
  },
  "minecraft:recipes/transportation/acacia_boat": {
    "criteria": {
      "in_water": "2024-08-18 03:32:05 +0000"
    },
    "done": true
  },
  "farmersdelight:recipes/farmersdelight/cutting_board": {
    "criteria": {
      "has_stick": "2024-08-18 03:27:00 +0000"
    },
    "done": true
  },
  "spartanweaponry:recipes/spartanweaponry.basic/handle_from_leather": {
    "criteria": {
      "has_stick": "2024-08-18 03:27:00 +0000"
    },
    "done": true
  },
  "minecraft:adventure/root": {
    "criteria": {
      "killed_something": "2024-08-18 03:27:23 +0000"
    },
    "done": true
  },
  "spartanweaponry:recipes/spartanweaponry.basic/stone_dagger": {
    "criteria": {
      "has_cobblestone": "2024-08-18 03:39:14 +0000"
    },
    "done": true
  },
  "caverns_and_chasms:recipes/building_blocks/rocky_dirt": {
    "criteria": {
      "has_cobblestone": "2024-08-18 03:39:14 +0000"
    },
    "done": true
  },
  "farmersdelight:main/root": {
    "criteria": {
      "seeds": "2024-08-18 03:25:53 +0000"
    },
    "done": true
  },
  "minecraft:recipes/tools/stone_hoe": {
    "criteria": {
      "has_cobblestone": "2024-08-18 03:39:14 +0000"
    },
    "done": true
  },
  "spartanweaponry:recipes/spartanweaponry.basic/stone_scythe": {
    "criteria": {
      "has_cobblestone": "2024-08-18 03:39:14 +0000"
    },
    "done": true
  },
  "minecraft:adventure/kill_all_mobs": {
    "criteria": {
      "minecraft:skeleton": "2024-08-18 03:48:41 +0000"
    },
    "done": false
  },
  "minecraft:recipes/building_blocks/dark_oak_stairs": {
    "criteria": {
      "has_planks": "2024-08-18 03:32:27 +0000"
    },
    "done": true
  },
  "caverns_and_chasms:recipes/decorations/cobblestone_tile_wall_from_cobblestone_stonecutting": {
    "criteria": {
      "has_cobblestone": "2024-08-18 03:39:14 +0000"
    },
    "done": true
  },
  "minecraft:recipes/building_blocks/polished_deepslate_from_cobbled_deepslate_stonecutting": {
    "criteria": {
      "has_cobbled_deepslate": "2024-08-18 03:48:03 +0000"
    },
    "done": true
  },
  "minecraft:recipes/building_blocks/deepslate": {
    "criteria": {
      "has_cobbled_deepslate": "2024-08-18 03:48:03 +0000"
    },
    "done": true
  },
  "majruszsdifficulty:bleeding": {
    "criteria": {
      "bleeding_applied": "2024-08-18 03:28:46 +0000"
    },
    "done": true
  },
  "minecraft:recipes/decorations/dark_oak_sign": {
    "criteria": {
      "has_planks": "2024-08-18 03:32:27 +0000"
    },
    "done": true
  },
  "minecraft:recipes/redstone/dark_oak_fence_gate": {
    "criteria": {
      "has_planks": "2024-08-18 03:32:27 +0000"
    },
    "done": true
  },
  "spartanweaponry:recipes/spartanweaponry.basic/stone_quarterstaff": {
    "criteria": {
      "has_cobblestone": "2024-08-18 03:39:14 +0000"
    },
    "done": true
  },
  "minecraft:recipes/building_blocks/polished_deepslate_slab_from_cobbled_deepslate_stonecutting": {
    "criteria": {
      "has_cobbled_deepslate": "2024-08-18 03:48:03 +0000"
    },
    "done": true
  },
  "betterdeserttemples:root": {
    "criteria": {
      "always": "2024-08-18 03:25:53 +0000"
    },
    "done": true
  },
  "minecraft:recipes/building_blocks/cyan_terracotta": {
    "criteria": {
      "has_terracotta": "2024-08-18 03:37:02 +0000"
    },
    "done": true
  },
  "minecraft:recipes/decorations/oak_fence": {
    "criteria": {
      "has_planks": "2024-08-18 03:26:48 +0000"
    },
    "done": true
  },
  "farmersdelight:recipes/farmersdelight/cooking/apple_cider": {
    "criteria": {
      "has_apple": "2024-08-18 03:29:29 +0000"
    },
    "done": true
  },
  "minecraft:recipes/transportation/oak_boat": {
    "criteria": {
      "in_water": "2024-08-18 03:32:05 +0000"
    },
    "done": true
  },
  "minecraft:recipes/building_blocks/oak_slab": {
    "criteria": {
      "has_planks": "2024-08-18 03:26:48 +0000"
    },
    "done": true
  },
  "majruszsdifficulty:game_stage_normal": {
    "criteria": {
      "is_triggered": "2024-08-18 03:25:53 +0000"
    },
    "done": true
  },
  "spartanweaponry:recipes/spartanweaponry.basic/stone_flanged_mace": {
    "criteria": {
      "has_cobblestone": "2024-08-18 03:39:14 +0000"
    },
    "done": true
  },
  "minecraft:recipes/tools/wooden_axe": {
    "criteria": {
      "has_stick": "2024-08-18 03:27:00 +0000"
    },
    "done": true
  },
  "spartanweaponry:recipes/spartanweaponry.basic/handle_from_wool": {
    "criteria": {
      "has_stick": "2024-08-18 03:27:00 +0000"
    },
    "done": true
  },
  "spartanweaponry:recipes/spartanweaponry.basic/stone_rapier": {
    "criteria": {
      "has_cobblestone": "2024-08-18 03:39:14 +0000"
    },
    "done": true
  },
  "minecraft:recipes/decorations/deepslate_tile_wall_from_cobbled_deepslate_stonecutting": {
    "criteria": {
      "has_cobbled_deepslate": "2024-08-18 03:48:03 +0000"
    },
    "done": true
  },
  "spartanshields:recipes/spartanshields/wooden_tower_shield": {
    "criteria": {
      "has_planks": "2024-08-18 03:26:48 +0000"
    },
    "done": true
  },
  "spartanweaponry:recipes/spartanweaponry.basic/stone_katana": {
    "criteria": {
      "has_cobblestone": "2024-08-18 03:39:14 +0000"
    },
    "done": true
  },
  "spartanweaponry:recipes/spartanweaponry.basic/wooden_battleaxe": {
    "criteria": {
      "has_wood": "2024-08-18 03:26:48 +0000"
    },
    "done": true
  },
  "spartanweaponry:recipes/spartanweaponry.basic/wooden_pike": {
    "criteria": {
      "has_wood": "2024-08-18 03:26:48 +0000"
    },
    "done": true
  },
  "aquamirae:adventure/root": {
    "criteria": {
      "crafting_table": "2024-08-18 03:26:52 +0000"
    },
    "done": true
  },
  "spartanweaponry:recipes/spartanweaponry.basic/stone_lance": {
    "criteria": {
      "has_cobblestone": "2024-08-18 03:39:14 +0000"
    },
    "done": true
  },
  "spartanweaponry:recipes/spartanweaponry.basic/stone_battle_hammer": {
    "criteria": {
      "has_cobblestone": "2024-08-18 03:39:14 +0000"
    },
    "done": true
  },
  "spartanweaponry:recipes/spartanweaponry.basic/stone_spear": {
    "criteria": {
      "has_cobblestone": "2024-08-18 03:39:14 +0000"
    },
    "done": true
  },
  "minecraft:recipes/building_blocks/red_terracotta": {
    "criteria": {
      "has_terracotta": "2024-08-18 03:37:02 +0000"
    },
    "done": true
  },
  "securitycraft:recipes/securitycraft/sc_manual": {
    "criteria": {
      "has_wood": "2024-08-18 03:26:24 +0000"
    },
    "done": true
  },
  "minecraft:recipes/building_blocks/coal_block": {
    "criteria": {
      "has_coal": "2024-08-18 03:32:46 +0000"
    },
    "done": true
  },
  "spartanweaponry:recipes/spartanweaponry.basic/wooden_club": {
    "criteria": {
      "has_wood_log": "2024-08-18 03:26:24 +0000"
    },
    "done": true
  },
  "minecraft:story/deflect_arrow": {
    "criteria": {
      "deflected_projectile": "2024-08-18 03:48:34 +0000"
    },
    "done": true
  },
  "minecraft:recipes/combat/wooden_sword": {
    "criteria": {
      "has_stick": "2024-08-18 03:27:00 +0000"
    },
    "done": true
  },
  "minecraft:recipes/tools/stone_shovel": {
    "criteria": {
      "has_cobblestone": "2024-08-18 03:39:14 +0000"
    },
    "done": true
  },
  "minecraft:recipes/building_blocks/oak_planks": {
    "criteria": {
      "has_logs": "2024-08-18 03:26:24 +0000"
    },
    "done": true
  },
  "minecraft:recipes/decorations/yellow_glazed_terracotta": {
    "criteria": {
      "has_yellow_terracotta": "2024-08-18 03:32:36 +0000"
    },
    "done": true
  },
  "scalinghealth:recipes/scalinghealth/bandages": {
    "criteria": {
      "cobblestone": "2024-08-18 03:39:14 +0000"
    },
    "done": true
  },
  "majruszsdifficulty:bleeding_inflicted": {
    "criteria": {
      "bleeding_applied": "2024-08-18 03:27:22 +0000"
    },
    "done": true
  },
  "travelersbackpack:recipes/travelersbackpack/crafting_upgrade": {
    "criteria": {
      "has_crafting_table": "2024-08-18 03:26:52 +0000"
    },
    "done": true
  },
  "minecraft:recipes/building_blocks/green_terracotta": {
    "criteria": {
      "has_terracotta": "2024-08-18 03:37:02 +0000"
    },
    "done": true
  },
  "securitycraft:recipes/securitycraft/reinforced_andesite": {
    "criteria": {
      "has_cobblestone": "2024-08-18 03:39:14 +0000"
    },
    "done": true
  },
  "caverns_and_chasms:recipes/building_blocks/cobblestone_tile_stairs_from_cobblestone_stonecutting": {
    "criteria": {
      "has_cobblestone": "2024-08-18 03:39:14 +0000"
    },
    "done": true
  },
  "minecraft:recipes/building_blocks/brown_terracotta": {
    "criteria": {
      "has_terracotta": "2024-08-18 03:37:02 +0000"
    },
    "done": true
  },
  "scalinghealth:recipes/scalinghealth/heart_crystal": {
    "criteria": {
      "cobblestone": "2024-08-18 03:39:14 +0000"
    },
    "done": true
  },
  "minecraft:recipes/redstone/oak_pressure_plate": {
    "criteria": {
      "has_planks": "2024-08-18 03:26:48 +0000"
    },
    "done": true
  },
  "minecraft:recipes/building_blocks/polished_deepslate_stairs_from_cobbled_deepslate_stonecutting": {
    "criteria": {
      "has_cobbled_deepslate": "2024-08-18 03:48:03 +0000"
    },
    "done": true
  },
  "caverns_and_chasms:recipes/building_blocks/cobblestone_brick_slab_from_cobblestone_stonecutting": {
    "criteria": {
      "has_cobblestone": "2024-08-18 03:39:14 +0000"
    },
    "done": true
  },
  "minecraft:recipes/building_blocks/black_terracotta": {
    "criteria": {
      "has_terracotta": "2024-08-18 03:37:02 +0000"
    },
    "done": true
  },
  "spartanweaponry:recipes/spartanweaponry.basic/stone_battleaxe": {
    "criteria": {
      "has_cobblestone": "2024-08-18 03:39:14 +0000"
    },
    "done": true
  },
  "travelersbackpack:recipes/travelersbackpack/coal": {
    "criteria": {
      "has_coal": "2024-08-18 03:32:46 +0000"
    },
    "done": true
  },
  "minecraft:recipes/building_blocks/oak_wood": {
    "criteria": {
      "has_log": "2024-08-18 03:26:24 +0000"
    },
    "done": true
  },
  "minecraft:story/root": {
    "criteria": {
      "crafting_table": "2024-08-18 03:26:52 +0000"
    },
    "done": true
  },
  "minecraft:recipes/combat/crossbow": {
    "criteria": {
      "has_stick": "2024-08-18 03:27:00 +0000"
    },
    "done": true
  },
  "minecraft:recipes/decorations/cobbled_deepslate_wall": {
    "criteria": {
      "has_cobbled_deepslate": "2024-08-18 03:48:03 +0000"
    },
    "done": true
  },
  "spartanweaponry:recipes/spartanweaponry.basic/pole_from_wool": {
    "criteria": {
      "has_stick": "2024-08-18 03:27:00 +0000"
    },
    "done": true
  },
  "spartanweaponry:recipes/spartanweaponry.basic/stone_parrying_dagger": {
    "criteria": {
      "has_cobblestone": "2024-08-18 03:39:14 +0000"
    },
    "done": true
  },
  "minecraft:recipes/redstone/dark_oak_trapdoor": {
    "criteria": {
      "has_planks": "2024-08-18 03:32:27 +0000"
    },
    "done": true
  },
  "minecraft:recipes/decorations/oak_sign": {
    "criteria": {
      "has_planks": "2024-08-18 03:26:48 +0000"
    },
    "done": true
  },
  "minecraft:recipes/redstone/oak_trapdoor": {
    "criteria": {
      "has_planks": "2024-08-18 03:26:48 +0000"
    },
    "done": true
  },
  "caverns_and_chasms:recipes/decorations/cupric_campfire": {
    "criteria": {
      "has_stick": "2024-08-18 03:27:00 +0000"
    },
    "done": true
  },
  "scalinghealth:recipes/scalinghealth/heart_dust": {
    "criteria": {
      "cobblestone": "2024-08-18 03:39:14 +0000"
    },
    "done": true
  },
  "travelersbackpack:recipes/travelersbackpack/standard": {
    "criteria": {
      "has_chest": "2024-08-18 03:49:02 +0000"
    },
    "done": true
  },
  "minecraft:recipes/decorations/polished_deepslate_wall_from_cobbled_deepslate_stonecutting": {
    "criteria": {
      "has_cobbled_deepslate": "2024-08-18 03:48:03 +0000"
    },
    "done": true
  },
  "securitycraft:recipes/securitycraft/reinforced_diorite": {
    "criteria": {
      "has_cobblestone": "2024-08-18 03:39:14 +0000"
    },
    "done": true
  },
  "spartanweaponry:recipes/spartanweaponry.basic/stone_throwing_knife": {
    "criteria": {
      "has_cobblestone": "2024-08-18 03:39:14 +0000"
    },
    "done": true
  },
  "minecraft:adventure/kill_a_mob": {
    "criteria": {
      "minecraft:skeleton": "2024-08-18 03:48:41 +0000"
    },
    "done": true
  },
  "minecraft:recipes/building_blocks/blue_terracotta": {
    "criteria": {
      "has_terracotta": "2024-08-18 03:37:02 +0000"
    },
    "done": true
  },
  "minecraft:recipes/redstone/oak_button": {
    "criteria": {
      "has_planks": "2024-08-18 03:26:48 +0000"
    },
    "done": true
  },
  "caverns_and_chasms:recipes/building_blocks/cobblestone_bricks_from_cobblestone_stonecutting": {
    "criteria": {
      "has_cobblestone": "2024-08-18 03:39:14 +0000"
    },
    "done": true
  },
  "farmersdelight:recipes/farmersdelight/flint_knife": {
    "criteria": {
      "has_stick": "2024-08-18 03:27:00 +0000"
    },
    "done": true
  },
  "minecraft:recipes/building_blocks/stone": {
    "criteria": {
      "has_cobblestone": "2024-08-18 03:39:14 +0000"
    },
    "done": true
  },
  "spartanweaponry:boomerang": {
    "criteria": {
      "has_boomerang": "2024-08-18 03:47:35 +0000"
    },
    "done": true
  },
  "minecraft:recipes/redstone/dark_oak_pressure_plate": {
    "criteria": {
      "has_planks": "2024-08-18 03:32:27 +0000"
    },
    "done": true
  },
  "minecraft:recipes/building_blocks/deepslate_bricks_from_cobbled_deepslate_stonecutting": {
    "criteria": {
      "has_cobbled_deepslate": "2024-08-18 03:48:03 +0000"
    },
    "done": true
  },
  "minecraft:recipes/building_blocks/light_blue_terracotta": {
    "criteria": {
      "has_terracotta": "2024-08-18 03:37:02 +0000"
    },
    "done": true
  },
  "minecraft:recipes/building_blocks/deepslate_brick_stairs_from_cobbled_deepslate_stonecutting": {
    "criteria": {
      "has_cobbled_deepslate": "2024-08-18 03:48:03 +0000"
    },
    "done": true
  },
  "minecraft:adventure/adventuring_time": {
    "criteria": {
      "minecraft:wooded_badlands": "2024-08-18 03:25:56 +0000",
      "minecraft:badlands": "2024-08-18 03:32:44 +0000",
      "minecraft:dripstone_caves": "2024-08-18 03:38:31 +0000"
    },
    "done": false
  },
  "spartanweaponry:recipes/spartanweaponry.basic/wooden_scythe": {
    "criteria": {
      "has_wood": "2024-08-18 03:26:48 +0000"
    },
    "done": true
  },
  "spartanweaponry:recipes/spartanweaponry.basic/wooden_javelin": {
    "criteria": {
      "has_wood": "2024-08-18 03:26:48 +0000"
    },
    "done": true
  },
  "spartanshields:recipes/spartanshields/wooden_basic_shield": {
    "criteria": {
      "has_planks": "2024-08-18 03:26:48 +0000"
    },
    "done": true
  },
  "minecraft:recipes/combat/stone_sword": {
    "criteria": {
      "has_cobblestone": "2024-08-18 03:39:14 +0000"
    },
    "done": true
  },
  "minecraft:recipes/decorations/barrel": {
    "criteria": {
      "has_planks": "2024-08-18 03:26:48 +0000"
    },
    "done": true
  },
  "minecraft:recipes/decorations/cobblestone_wall": {
    "criteria": {
      "has_cobblestone": "2024-08-18 03:39:14 +0000"
    },
    "done": true
  },
  "spartanweaponry:recipes/spartanweaponry.basic/stone_halberd": {
    "criteria": {
      "has_cobblestone": "2024-08-18 03:39:14 +0000"
    },
    "done": true
  },
  "minecraft:recipes/tools/stone_pickaxe": {
    "criteria": {
      "has_cobblestone": "2024-08-18 03:39:14 +0000"
    },
    "done": true
  },
  "minecraft:recipes/redstone/oak_door": {
    "criteria": {
      "has_planks": "2024-08-18 03:26:48 +0000"
    },
    "done": true
  },
  "spartanweaponry:recipes/spartanweaponry.basic/wooden_parrying_dagger": {
    "criteria": {
      "has_wood": "2024-08-18 03:26:48 +0000"
    },
    "done": true
  },
  "minecraft:recipes/building_blocks/deepslate_brick_slab_from_cobbled_deepslate_stonecutting": {
    "criteria": {
      "has_cobbled_deepslate": "2024-08-18 03:48:03 +0000"
    },
    "done": true
  },
  "securitycraft:recipes/securitycraft/motion_activated_light": {
    "criteria": {
      "has_stick": "2024-08-18 03:27:00 +0000"
    },
    "done": true
  },
  "minecraft:recipes/transportation/jungle_boat": {
    "criteria": {
      "in_water": "2024-08-18 03:32:05 +0000"
    },
    "done": true
  },
  "spartanweaponry:recipes/spartanweaponry.basic/wooden_saber": {
    "criteria": {
      "has_wood": "2024-08-18 03:26:48 +0000"
    },
    "done": true
  },
  "minecraft:recipes/decorations/cobblestone_wall_from_cobblestone_stonecutting": {
    "criteria": {
      "has_cobblestone": "2024-08-18 03:39:14 +0000"
    },
    "done": true
  },
  "travelersbackpack:recipes/travelersbackpack/bat_smithing": {
    "criteria": {
      "has_bat": "2024-08-18 03:32:50 +0000"
    },
    "done": true
  },
  "spartanweaponry:recipes/spartanweaponry.basic/wooden_dagger": {
    "criteria": {
      "has_wood": "2024-08-18 03:26:48 +0000"
    },
    "done": true
  },
  "minecraft:recipes/transportation/dark_oak_boat": {
    "criteria": {
      "in_water": "2024-08-18 03:32:05 +0000"
    },
    "done": true
  },
  "spartanweaponry:recipes/spartanweaponry.basic/wooden_longsword": {
    "criteria": {
      "has_wood": "2024-08-18 03:26:48 +0000"
    },
    "done": true
  },
  "spartanweaponry:recipes/spartanweaponry.basic/wooden_tomahawk": {
    "criteria": {
      "has_wood": "2024-08-18 03:26:48 +0000"
    },
    "done": true
  },
  "spartanweaponry:recipes/spartanweaponry.basic/wooden_heavy_crossbow": {
    "criteria": {
      "has_wood": "2024-08-18 03:26:48 +0000"
    },
    "done": true
  },
  "travelersbackpack:recipes/travelersbackpack/blank_upgrade": {
    "criteria": {
      "has_chest": "2024-08-18 03:49:02 +0000"
    },
    "done": true
  },
  "spartanweaponry:recipes/spartanweaponry.basic/pole_from_string": {
    "criteria": {
      "has_stick": "2024-08-18 03:27:00 +0000"
    },
    "done": true
  },
  "spartanweaponry:recipes/spartanweaponry.basic/stone_pike": {
    "criteria": {
      "has_cobblestone": "2024-08-18 03:39:14 +0000"
    },
    "done": true
  },
  "spartanweaponry:recipes/spartanweaponry.basic/wooden_lance": {
    "criteria": {
      "has_wood": "2024-08-18 03:26:48 +0000"
    },
    "done": true
  },
  "spartanweaponry:recipes/spartanweaponry.basic/wooden_battle_hammer": {
    "criteria": {
      "has_wood": "2024-08-18 03:26:48 +0000"
    },
    "done": true
  },
  "minecraft:recipes/decorations/dark_oak_fence": {
    "criteria": {
      "has_planks": "2024-08-18 03:32:27 +0000"
    },
    "done": true
  },
  "spartanweaponry:recipes/spartanweaponry.basic/wooden_greatsword": {
    "criteria": {
      "has_wood": "2024-08-18 03:26:48 +0000"
    },
    "done": true
  },
  "minecraft:recipes/building_blocks/cobbled_deepslate_slab_from_cobbled_deepslate_stonecutting": {
    "criteria": {
      "has_cobbled_deepslate": "2024-08-18 03:48:03 +0000"
    },
    "done": true
  },
  "minecraft:recipes/building_blocks/white_terracotta": {
    "criteria": {
      "has_terracotta": "2024-08-18 03:37:02 +0000"
    },
    "done": true
  },
  "minecraft:recipes/decorations/soul_campfire": {
    "criteria": {
      "has_stick": "2024-08-18 03:27:00 +0000"
    },
    "done": true
  },
  "minecraft:recipes/tools/stone_axe": {
    "criteria": {
      "has_cobblestone": "2024-08-18 03:39:14 +0000"
    },
    "done": true
  },
  "spartanweaponry:recipes/spartanweaponry.basic/stone_javelin": {
    "criteria": {
      "has_cobblestone": "2024-08-18 03:39:14 +0000"
    },
    "done": true
  },
  "spartanweaponry:recipes/spartanweaponry.basic/wooden_halberd": {
    "criteria": {
      "has_wood": "2024-08-18 03:26:48 +0000"
    },
    "done": true
  },
  "spartanweaponry:recipes/spartanweaponry.basic/stone_tomahawk": {
    "criteria": {
      "has_cobblestone": "2024-08-18 03:39:14 +0000"
    },
    "done": true
  },
  "DataVersion": 3120
}