{
  "minecraft:recipes/tools/fishing_rod": {
    "criteria": {
      "has_string": "2024-08-14 04:46:53 +0000"
    },
    "done": true
  },
  "securitycraft:recipes/securitycraft/universal_block_remover": {
    "criteria": {
      "has_iron": "2024-08-14 05:42:39 +0000"
    },
    "done": true
  },
  "spartanshields:recipes/spartanshields/stone_tower_shield": {
    "criteria": {
      "has_cobblestone": "2024-08-14 04:49:05 +0000"
    },
    "done": true
  },
  "spartanweaponry:recipes/spartanweaponry.basic/iron_scythe": {
    "criteria": {
      "has_iron_ingot": "2024-08-14 05:42:39 +0000"
    },
    "done": true
  },
  "scalinghealth:recipes/scalinghealth/power_crystal": {
    "criteria": {
      "cobblestone": "2024-08-14 04:49:05 +0000"
    },
    "done": true
  },
  "minecraft:recipes/redstone/lever": {
    "criteria": {
      "has_cobblestone": "2024-08-14 04:49:05 +0000"
    },
    "done": true
  },
  "spartanweaponry:recipes/spartanweaponry.basic/stone_greatsword": {
    "criteria": {
      "has_cobblestone": "2024-08-14 04:49:05 +0000"
    },
    "done": true
  },
  "minecraft:recipes/building_blocks/cobblestone_stairs_from_cobblestone_stonecutting": {
    "criteria": {
      "has_cobblestone": "2024-08-14 04:49:05 +0000"
    },
    "done": true
  },
  "farmersdelight:recipes/farmersdelight/cooking/chicken_soup": {
    "criteria": {
      "has_any_ingredient": "2024-08-14 05:23:16 +0000"
    },
    "done": true
  },
  "farmersdelight:recipes/farmersdelight/organic_compost_from_rotten_flesh": {
    "criteria": {
      "has_rotten_flesh": "2024-08-14 04:47:52 +0000"
    },
    "done": true
  },
  "minecraft:recipes/building_blocks/magenta_concrete_powder": {
    "criteria": {
      "has_gravel": "2024-08-14 05:45:03 +0000"
    },
    "done": true
  },
  "minecraft:recipes/combat/iron_sword": {
    "criteria": {
      "has_iron_ingot": "2024-08-14 05:42:39 +0000"
    },
    "done": true
  },
  "minecraft:recipes/redstone/observer": {
    "criteria": {
      "has_quartz": "2024-08-14 04:55:09 +0000"
    },
    "done": true
  },
  "securitycraft:recipes/securitycraft/reinforced_granite": {
    "criteria": {
      "has_quartz": "2024-08-14 04:55:09 +0000"
    },
    "done": true
  },
  "caverns_and_chasms:recipes/building_blocks/cobblestone_bricks": {
    "criteria": {
      "has_cobblestone": "2024-08-14 04:49:05 +0000"
    },
    "done": true
  },
  "securitycraft:recipes/securitycraft/sentry": {
    "criteria": {
      "has_iron": "2024-08-14 05:42:39 +0000"
    },
    "done": true
  },
  "minecraft:recipes/building_blocks/lime_concrete_powder": {
    "criteria": {
      "has_gravel": "2024-08-14 05:45:03 +0000"
    },
    "done": true
  },
  "scalinghealth:recipes/scalinghealth/medkit": {
    "criteria": {
      "cobblestone": "2024-08-14 04:49:05 +0000"
    },
    "done": true
  },
  "minecraft:recipes/tools/iron_pickaxe": {
    "criteria": {
      "has_iron_ingot": "2024-08-14 05:42:39 +0000"
    },
    "done": true
  },
  "minecraft:recipes/building_blocks/yellow_concrete_powder": {
    "criteria": {
      "has_gravel": "2024-08-14 05:45:03 +0000"
    },
    "done": true
  },
  "minecraft:recipes/decorations/candle": {
    "criteria": {
      "has_string": "2024-08-14 04:46:53 +0000"
    },
    "done": true
  },
  "minecraft:recipes/decorations/campfire": {
    "criteria": {
      "has_coal": "2024-08-14 05:39:15 +0000"
    },
    "done": true
  },
  "spartanweaponry:recipes/spartanweaponry.basic/iron_lance": {
    "criteria": {
      "has_iron_ingot": "2024-08-14 05:42:39 +0000"
    },
    "done": true
  },
  "arphex:abyssal_blade_crafted": {
    "criteria": {
      "abyssal_blade_crafted_0": "2024-08-14 04:54:36 +0000"
    },
    "done": true
  },
  "travelersbackpack:recipes/travelersbackpack/cow": {
    "criteria": {
      "has_milk_bucket": "2024-08-14 05:02:39 +0000"
    },
    "done": true
  },
  "minecraft:recipes/misc/iron_nugget": {
    "criteria": {
      "has_iron_ingot": "2024-08-14 05:42:39 +0000"
    },
    "done": true
  },
  "minecraft:recipes/decorations/chest": {
    "criteria": {
      "has_lots_of_items": "2024-08-14 04:47:52 +0000"
    },
    "done": true
  },
  "caverns_and_chasms:recipes/decorations/cobblestone_brick_wall_from_cobblestone_stonecutting": {
    "criteria": {
      "has_cobblestone": "2024-08-14 04:49:05 +0000"
    },
    "done": true
  },
  "minecraft:story/shiny_gear": {
    "criteria": {
      "diamond_helmet": "2024-08-14 04:50:26 +0000"
    },
    "done": true
  },
  "minecraft:recipes/building_blocks/brown_concrete_powder": {
    "criteria": {
      "has_gravel": "2024-08-14 05:45:03 +0000"
    },
    "done": true
  },
  "minecraft:recipes/transportation/mangrove_boat": {
    "criteria": {
      "in_water": "2024-08-14 05:30:12 +0000"
    },
    "done": true
  },
  "travelersbackpack:recipes/travelersbackpack/wolf": {
    "criteria": {
      "has_bone": "2024-08-14 04:47:55 +0000"
    },
    "done": true
  },
  "securitycraft:recipes/securitycraft/track_mine": {
    "criteria": {
      "has_iron": "2024-08-14 05:42:39 +0000"
    },
    "done": true
  },
  "travelersbackpack:recipes/travelersbackpack/spider": {
    "criteria": {
      "has_string": "2024-08-14 04:46:53 +0000"
    },
    "done": true
  },
  "farmersdelight:recipes/farmersdelight/cooking/vegetable_soup": {
    "criteria": {
      "has_any_ingredient": "2024-08-14 05:23:16 +0000"
    },
    "done": true
  },
  "cgm:recipes/cgm/advanced_bullet": {
    "criteria": {
      "has_gunpowder": "2024-08-14 04:46:59 +0000"
    },
    "done": true
  },
  "spartanweaponry:recipes/spartanweaponry.basic/iron_spear": {
    "criteria": {
      "has_iron_ingot": "2024-08-14 05:42:39 +0000"
    },
    "done": true
  },
  "minecraft:recipes/tools/shears": {
    "criteria": {
      "has_iron_ingot": "2024-08-14 05:42:39 +0000"
    },
    "done": true
  },
  "spartanweaponry:recipes/spartanweaponry.basic/iron_heavy_crossbow": {
    "criteria": {
      "has_iron_ingot": "2024-08-14 05:42:39 +0000"
    },
    "done": true
  },
  "minecraft:recipes/transportation/spruce_boat": {
    "criteria": {
      "in_water": "2024-08-14 05:30:12 +0000"
    },
    "done": true
  },
  "minecraft:recipes/building_blocks/diorite": {
    "criteria": {
      "has_quartz": "2024-08-14 04:55:09 +0000"
    },
    "done": true
  },
  "securitycraft:recipes/securitycraft/blacklist_module": {
    "criteria": {
      "has_iron": "2024-08-14 05:42:39 +0000"
    },
    "done": true
  },
  "securitycraft:recipes/securitycraft/speed_module": {
    "criteria": {
      "has_iron": "2024-08-14 05:42:39 +0000"
    },
    "done": true
  },
  "caverns_and_chasms:recipes/building_blocks/cobblestone_tiles_from_cobblestone_stonecutting": {
    "criteria": {
      "has_cobblestone": "2024-08-14 04:49:05 +0000"
    },
    "done": true
  },
  "minecraft:recipes/misc/firework_rocket_simple": {
    "criteria": {
      "has_gunpowder": "2024-08-14 04:46:59 +0000"
    },
    "done": true
  },
  "spartanweaponry:recipes/spartanweaponry.basic/iron_greatsword": {
    "criteria": {
      "has_iron_ingot": "2024-08-14 05:42:39 +0000"
    },
    "done": true
  },
  "spartanweaponry:recipes/spartanweaponry.basic/stone_boomerang": {
    "criteria": {
      "has_cobblestone": "2024-08-14 04:49:05 +0000"
    },
    "done": true
  },
  "travelersbackpack:recipes/travelersbackpack/creeper": {
    "criteria": {
      "has_gunpowder": "2024-08-14 04:46:59 +0000"
    },
    "done": true
  },
  "securitycraft:recipes/securitycraft/electrified_iron_fence": {
    "criteria": {
      "has_iron": "2024-08-14 05:42:39 +0000"
    },
    "done": true
  },
  "securitycraft:recipes/securitycraft/harming_module": {
    "criteria": {
      "has_iron": "2024-08-14 05:42:39 +0000"
    },
    "done": true
  },
  "caverns_and_chasms:recipes/decorations/brazier": {
    "criteria": {
      "has_coal": "2024-08-14 05:39:15 +0000"
    },
    "done": true
  },
  "minecraft:recipes/food/cake": {
    "criteria": {
      "has_egg": "2024-08-14 05:22:15 +0000"
    },
    "done": true
  },
  "spartanweaponry:recipes/spartanweaponry.basic/iron_parrying_dagger": {
    "criteria": {
      "has_iron_ingot": "2024-08-14 05:42:39 +0000"
    },
    "done": true
  },
  "minecraft:recipes/combat/iron_leggings": {
    "criteria": {
      "has_iron_ingot": "2024-08-14 05:42:39 +0000"
    },
    "done": true
  },
  "mutantmonsters:root": {
    "criteria": {
      "killed_by_something": "2024-08-14 04:33:26 +0000"
    },
    "done": true
  },
  "minecraft:husbandry/balanced_diet": {
    "criteria": {
      "golden_apple": "2024-08-14 05:03:50 +0000",
      "golden_carrot": "2024-08-14 04:54:53 +0000",
      "enchanted_golden_apple": "2024-08-14 05:16:48 +0000"
    },
    "done": false
  },
  "minecraft:recipes/combat/shield": {
    "criteria": {
      "has_iron_ingot": "2024-08-14 05:42:39 +0000"
    },
    "done": true
  },
  "minecraft:recipes/building_blocks/cobblestone_slab": {
    "criteria": {
      "has_cobblestone": "2024-08-14 04:49:05 +0000"
    },
    "done": true
  },
  "spartanweaponry:recipes/spartanweaponry.basic/iron_battleaxe": {
    "criteria": {
      "has_iron_ingot": "2024-08-14 05:42:39 +0000"
    },
    "done": true
  },
  "travelersbackpack:recipes/travelersbackpack/iron_tier_upgrade": {
    "criteria": {
      "has_iron_ingot": "2024-08-14 05:42:39 +0000"
    },
    "done": true
  },
  "endofherobrine:story/root": {
    "criteria": {
      "requirement": "2024-08-14 04:32:30 +0000"
    },
    "done": true
  },
  "minecraft:recipes/misc/bucket": {
    "criteria": {
      "has_iron_ingot": "2024-08-14 05:42:39 +0000"
    },
    "done": true
  },
  "minecraft:recipes/building_blocks/cobblestone_stairs": {
    "criteria": {
      "has_cobblestone": "2024-08-14 04:49:05 +0000"
    },
    "done": true
  },
  "minecraft:recipes/redstone/hopper": {
    "criteria": {
      "has_iron_ingot": "2024-08-14 05:42:39 +0000"
    },
    "done": true
  },
  "farmersdelight:recipes/food/cooking/rabbit_stew": {
    "criteria": {
      "has_any_ingredient": "2024-08-14 05:23:16 +0000"
    },
    "done": true
  },
  "minecraft:recipes/building_blocks/coarse_dirt": {
    "criteria": {
      "has_gravel": "2024-08-14 05:45:03 +0000"
    },
    "done": true
  },
  "farmersdelight:recipes/farmersdelight/cooking/beef_stew": {
    "criteria": {
      "has_any_ingredient": "2024-08-14 05:23:16 +0000"
    },
    "done": true
  },
  "securitycraft:recipes/securitycraft/redstone_module": {
    "criteria": {
      "has_iron": "2024-08-14 05:42:39 +0000"
    },
    "done": true
  },
  "minecraft:recipes/building_blocks/light_gray_concrete_powder": {
    "criteria": {
      "has_gravel": "2024-08-14 05:45:03 +0000"
    },
    "done": true
  },
  "minecraft:recipes/building_blocks/light_blue_concrete_powder": {
    "criteria": {
      "has_gravel": "2024-08-14 05:45:03 +0000"
    },
    "done": true
  },
  "farmersdelight:recipes/farmersdelight/cooking/vegetable_noodles": {
    "criteria": {
      "has_any_ingredient": "2024-08-14 05:23:16 +0000"
    },
    "done": true
  },
  "twilightforest:recipes/twilightforest/alpha_yeti_banner_pattern": {
    "criteria": {
      "has_trophy": "2024-08-14 05:36:57 +0000"
    },
    "done": true
  },
  "caverns_and_chasms:recipes/building_blocks/cobblestone_tile_slab_from_cobblestone_stonecutting": {
    "criteria": {
      "has_cobblestone": "2024-08-14 04:49:05 +0000"
    },
    "done": true
  },
  "cgm:recipes/cgm/machine_pistol": {
    "criteria": {
      "has_iron_ingot": "2024-08-14 05:42:39 +0000"
    },
    "done": true
  },
  "spartanweaponry:recipes/spartanweaponry.basic/stone_warhammer": {
    "criteria": {
      "has_cobblestone": "2024-08-14 04:49:05 +0000"
    },
    "done": true
  },
  "minecraft:recipes/combat/iron_helmet": {
    "criteria": {
      "has_iron_ingot": "2024-08-14 05:42:39 +0000"
    },
    "done": true
  },
  "minecraft:recipes/building_blocks/pink_concrete_powder": {
    "criteria": {
      "has_gravel": "2024-08-14 05:45:03 +0000"
    },
    "done": true
  },
  "minecraft:recipes/combat/bow": {
    "criteria": {
      "has_string": "2024-08-14 04:46:53 +0000"
    },
    "done": true
  },
  "securitycraft:recipes/securitycraft/security_camera": {
    "criteria": {
      "has_iron": "2024-08-14 05:42:39 +0000"
    },
    "done": true
  },
  "farmersdelight:recipes/farmersdelight/milk_bottle": {
    "criteria": {
      "has_milk_bucket": "2024-08-14 05:02:39 +0000"
    },
    "done": true
  },
  "minecraft:recipes/redstone/tnt": {
    "criteria": {
      "has_gunpowder": "2024-08-14 04:46:59 +0000"
    },
    "done": true
  },
  "securitycraft:recipes/securitycraft/door_indestructible_iron_item": {
    "criteria": {
      "has_iron": "2024-08-14 05:42:39 +0000"
    },
    "done": true
  },
  "spartanshields:recipes/spartanshields/stone_basic_shield": {
    "criteria": {
      "has_cobblestone": "2024-08-14 04:49:05 +0000"
    },
    "done": true
  },
  "minecraft:recipes/building_blocks/granite": {
    "criteria": {
      "has_quartz": "2024-08-14 04:55:09 +0000"
    },
    "done": true
  },
  "minecraft:recipes/building_blocks/purple_concrete_powder": {
    "criteria": {
      "has_gravel": "2024-08-14 05:45:03 +0000"
    },
    "done": true
  },
  "spartanweaponry:recipes/spartanweaponry.basic/stone_saber": {
    "criteria": {
      "has_cobblestone": "2024-08-14 04:49:05 +0000"
    },
    "done": true
  },
  "cgm:recipes/cgm/grenade": {
    "criteria": {
      "has_gunpowder": "2024-08-14 04:46:59 +0000"
    },
    "done": true
  },
  "minecraft:recipes/decorations/iron_bars": {
    "criteria": {
      "has_iron_ingot": "2024-08-14 05:42:39 +0000"
    },
    "done": true
  },
  "takesapillage:root": {
    "criteria": {
      "always": "2024-08-14 04:30:43 +0000"
    },
    "done": true
  },
  "farmersdelight:recipes/farmersdelight/fried_egg_from_campfire_cooking": {
    "criteria": {
      "fried_egg": "2024-08-14 05:22:15 +0000"
    },
    "done": true
  },
  "travelersbackpack:recipes/travelersbackpack/skeleton": {
    "criteria": {
      "has_arrow": "2024-08-14 04:47:48 +0000"
    },
    "done": true
  },
  "minecraft:recipes/redstone/comparator": {
    "criteria": {
      "has_quartz": "2024-08-14 04:55:09 +0000"
    },
    "done": true
  },
  "spartanweaponry:recipes/spartanweaponry.basic/stone_longsword": {
    "criteria": {
      "has_cobblestone": "2024-08-14 04:49:05 +0000"
    },
    "done": true
  },
  "minecraft:story/mine_stone": {
    "criteria": {
      "get_stone": "2024-08-14 04:49:05 +0000"
    },
    "done": true
  },
  "minecraft:recipes/decorations/furnace": {
    "criteria": {
      "has_cobblestone": "2024-08-14 04:49:05 +0000"
    },
    "done": true
  },
  "minecraft:recipes/transportation/minecart": {
    "criteria": {
      "has_iron_ingot": "2024-08-14 05:42:39 +0000"
    },
    "done": true
  },
  "advancednetherite:recipes/advancednetherite.tab/netherite_iron_ingot": {
    "criteria": {
      "has_TagKey[minecraft:item / forge:ingots/iron]": "2024-08-14 05:42:39 +0000"
    },
    "done": true
  },
  "spartanweaponry:recipes/spartanweaponry.basic/iron_glaive": {
    "criteria": {
      "has_iron_ingot": "2024-08-14 05:42:39 +0000"
    },
    "done": true
  },
  "undead_unleashed:shards_of_the_past": {
    "criteria": {
      "shards_of_the_past": "2024-08-14 04:47:48 +0000"
    },
    "done": true
  },
  "spartanweaponry:recipes/spartanweaponry.basic/iron_longsword": {
    "criteria": {
      "has_iron_ingot": "2024-08-14 05:42:39 +0000"
    },
    "done": true
  },
  "spartanweaponry:recipes/spartanweaponry.basic/stone_glaive": {
    "criteria": {
      "has_cobblestone": "2024-08-14 04:49:05 +0000"
    },
    "done": true
  },
  "spartanweaponry:recipes/spartanweaponry.basic/iron_flanged_mace": {
    "criteria": {
      "has_iron_ingot": "2024-08-14 05:42:39 +0000"
    },
    "done": true
  },
  "spartanweaponry:recipes/spartanweaponry.basic/iron_dagger": {
    "criteria": {
      "has_iron_ingot": "2024-08-14 05:42:39 +0000"
    },
    "done": true
  },
  "spartanweaponry:recipes/spartanweaponry.basic/iron_quarterstaff": {
    "criteria": {
      "has_iron_ingot": "2024-08-14 05:42:39 +0000"
    },
    "done": true
  },
  "minecraft:recipes/tools/iron_hoe": {
    "criteria": {
      "has_iron_ingot": "2024-08-14 05:42:39 +0000"
    },
    "done": true
  },
  "minecraft:recipes/building_blocks/cobblestone_slab_from_cobblestone_stonecutting": {
    "criteria": {
      "has_cobblestone": "2024-08-14 04:49:05 +0000"
    },
    "done": true
  },
  "minecraft:husbandry/root": {
    "criteria": {
      "consumed_item": "2024-08-14 04:54:53 +0000"
    },
    "done": true
  },
  "minecraft:recipes/transportation/birch_boat": {
    "criteria": {
      "in_water": "2024-08-14 05:30:12 +0000"
    },
    "done": true
  },
  "caverns_and_chasms:recipes/building_blocks/cobblestone_brick_stairs_from_cobblestone_stonecutting": {
    "criteria": {
      "has_cobblestone": "2024-08-14 04:49:05 +0000"
    },
    "done": true
  },
  "minecraft:recipes/building_blocks/green_concrete_powder": {
    "criteria": {
      "has_gravel": "2024-08-14 05:45:03 +0000"
    },
    "done": true
  },
  "caverns_and_chasms:recipes/transportation/azalea_boat": {
    "criteria": {
      "in_water": "2024-08-14 05:30:12 +0000"
    },
    "done": true
  },
  "minecraft:recipes/tools/iron_shovel": {
    "criteria": {
      "has_iron_ingot": "2024-08-14 05:42:39 +0000"
    },
    "done": true
  },
  "minecraft:recipes/transportation/acacia_boat": {
    "criteria": {
      "in_water": "2024-08-14 05:30:12 +0000"
    },
    "done": true
  },
  "minecraft:recipes/redstone/iron_trapdoor": {
    "criteria": {
      "has_iron_ingot": "2024-08-14 05:42:39 +0000"
    },
    "done": true
  },
  "spartanweaponry:recipes/spartanweaponry.basic/iron_throwing_knife": {
    "criteria": {
      "has_iron_ingot": "2024-08-14 05:42:39 +0000"
    },
    "done": true
  },
  "minecraft:adventure/root": {
    "criteria": {
      "killed_by_something": "2024-08-14 04:33:26 +0000"
    },
    "done": true
  },
  "spartanweaponry:recipes/spartanweaponry.basic/stone_dagger": {
    "criteria": {
      "has_cobblestone": "2024-08-14 04:49:05 +0000"
    },
    "done": true
  },
  "caverns_and_chasms:recipes/building_blocks/rocky_dirt": {
    "criteria": {
      "has_dirt": "2024-08-14 04:32:39 +0000"
    },
    "done": true
  },
  "securitycraft:recipes/securitycraft/storage_module": {
    "criteria": {
      "has_iron": "2024-08-14 05:42:39 +0000"
    },
    "done": true
  },
  "minecraft:recipes/building_blocks/white_concrete_powder": {
    "criteria": {
      "has_gravel": "2024-08-14 05:45:03 +0000"
    },
    "done": true
  },
  "farmersdelight:main/root": {
    "criteria": {
      "seeds": "2024-08-14 04:30:42 +0000"
    },
    "done": true
  },
  "minecraft:recipes/building_blocks/white_wool_from_string": {
    "criteria": {
      "has_string": "2024-08-14 04:46:53 +0000"
    },
    "done": true
  },
  "minecraft:recipes/tools/stone_hoe": {
    "criteria": {
      "has_cobblestone": "2024-08-14 04:49:05 +0000"
    },
    "done": true
  },
  "spartanweaponry:recipes/spartanweaponry.basic/stone_scythe": {
    "criteria": {
      "has_cobblestone": "2024-08-14 04:49:05 +0000"
    },
    "done": true
  },
  "minecraft:adventure/kill_all_mobs": {
    "criteria": {
      "minecraft:skeleton": "2024-08-14 05:20:58 +0000",
      "minecraft:creeper": "2024-08-14 05:19:57 +0000",
      "minecraft:husk": "2024-08-14 04:55:26 +0000",
      "minecraft:zombie": "2024-08-14 05:01:15 +0000"
    },
    "done": false
  },
  "caverns_and_chasms:recipes/decorations/cobblestone_tile_wall_from_cobblestone_stonecutting": {
    "criteria": {
      "has_cobblestone": "2024-08-14 04:49:05 +0000"
    },
    "done": true
  },
  "travelersbackpack:recipes/travelersbackpack/cake": {
    "criteria": {
      "has_egg": "2024-08-14 05:22:15 +0000"
    },
    "done": true
  },
  "farmersdelight:recipes/farmersdelight/cooking_pot": {
    "criteria": {
      "has_iron_ingot": "2024-08-14 05:42:39 +0000"
    },
    "done": true
  },
  "farmersdelight:recipes/farmersdelight/cooking/dog_food": {
    "criteria": {
      "has_any_ingredient": "2024-08-14 04:47:52 +0000"
    },
    "done": true
  },
  "spartanweaponry:recipes/spartanweaponry.basic/iron_katana": {
    "criteria": {
      "has_iron_ingot": "2024-08-14 05:42:39 +0000"
    },
    "done": true
  },
  "majruszsdifficulty:bleeding": {
    "criteria": {
      "bleeding_applied": "2024-08-14 04:34:05 +0000"
    },
    "done": true
  },
  "endofherobrine:recipes/decorations/cursed_head": {
    "criteria": {
      "has_item": "2024-08-14 04:47:52 +0000"
    },
    "done": true
  },
  "minecraft:recipes/misc/iron_nugget_from_smelting": {
    "criteria": {
      "has_chainmail_leggings": "2024-08-14 04:49:17 +0000"
    },
    "done": true
  },
  "spartanweaponry:recipes/spartanweaponry.basic/stone_quarterstaff": {
    "criteria": {
      "has_cobblestone": "2024-08-14 04:49:05 +0000"
    },
    "done": true
  },
  "spartanshields:recipes/spartanshields/iron_tower_shield": {
    "criteria": {
      "has_iron_ingot": "2024-08-14 05:42:39 +0000"
    },
    "done": true
  },
  "betterdeserttemples:root": {
    "criteria": {
      "always": "2024-08-14 04:30:43 +0000"
    },
    "done": true
  },
  "cgm:recipes/cgm/stun_grenade": {
    "criteria": {
      "has_gunpowder": "2024-08-14 04:46:59 +0000"
    },
    "done": true
  },
  "spartanshields:recipes/spartanshields/iron_basic_shield": {
    "criteria": {
      "has_iron_ingot": "2024-08-14 05:42:39 +0000"
    },
    "done": true
  },
  "farmersdelight:recipes/farmersdelight/fried_egg_from_smoking": {
    "criteria": {
      "fried_egg": "2024-08-14 05:22:15 +0000"
    },
    "done": true
  },
  "minecraft:recipes/decorations/snow": {
    "criteria": {
      "has_snowball": "2024-08-14 04:55:18 +0000"
    },
    "done": true
  },
  "minecraft:recipes/transportation/oak_boat": {
    "criteria": {
      "in_water": "2024-08-14 05:30:12 +0000"
    },
    "done": true
  },
  "spartanweaponry:recipes/spartanweaponry.basic/handle_from_string": {
    "criteria": {
      "has_string": "2024-08-14 04:46:53 +0000"
    },
    "done": true
  },
  "undead_unleashed:nerves_of_steel": {
    "criteria": {
      "nerves_of_steel": "2024-08-14 05:24:05 +0000"
    },
    "done": true
  },
  "minecraft:recipes/building_blocks/orange_concrete_powder": {
    "criteria": {
      "has_gravel": "2024-08-14 05:45:03 +0000"
    },
    "done": true
  },
  "cgm:recipes/cgm/rifle": {
    "criteria": {
      "has_iron_ingot": "2024-08-14 05:42:39 +0000"
    },
    "done": true
  },
  "cgm:recipes/cgm/mini_gun": {
    "criteria": {
      "has_iron_ingot": "2024-08-14 05:42:39 +0000"
    },
    "done": true
  },
  "minecraft:recipes/building_blocks/cyan_concrete_powder": {
    "criteria": {
      "has_gravel": "2024-08-14 05:45:03 +0000"
    },
    "done": true
  },
  "majruszsdifficulty:game_stage_normal": {
    "criteria": {
      "is_triggered": "2024-08-14 04:30:42 +0000"
    },
    "done": true
  },
  "spartanweaponry:recipes/spartanweaponry.basic/stone_flanged_mace": {
    "criteria": {
      "has_cobblestone": "2024-08-14 04:49:05 +0000"
    },
    "done": true
  },
  "farmersdelight:recipes/farmersdelight/cooking/glow_berry_custard": {
    "criteria": {
      "has_any_ingredient": "2024-08-14 05:02:39 +0000"
    },
    "done": true
  },
  "securitycraft:recipes/securitycraft/keycard_lv2": {
    "criteria": {
      "has_iron": "2024-08-14 05:42:39 +0000"
    },
    "done": true
  },
  "securitycraft:recipes/securitycraft/keycard_lv1": {
    "criteria": {
      "has_iron": "2024-08-14 05:42:39 +0000"
    },
    "done": true
  },
  "majruszsdifficulty:recipes/misc/bandage": {
    "criteria": {
      "has_string": "2024-08-14 04:46:53 +0000"
    },
    "done": true
  },
  "spartanweaponry:recipes/spartanweaponry.basic/stone_rapier": {
    "criteria": {
      "has_cobblestone": "2024-08-14 04:49:05 +0000"
    },
    "done": true
  },
  "minecraft:recipes/decorations/loom": {
    "criteria": {
      "has_string": "2024-08-14 04:46:53 +0000"
    },
    "done": true
  },
  "farmersdelight:recipes/farmersdelight/cooking/fried_rice": {
    "criteria": {
      "has_any_ingredient": "2024-08-14 05:22:15 +0000"
    },
    "done": true
  },
  "securitycraft:recipes/securitycraft/bouncing_betty": {
    "criteria": {
      "has_iron": "2024-08-14 05:42:39 +0000"
    },
    "done": true
  },
  "farmersdelight:recipes/farmersdelight/horse_feed": {
    "criteria": {
      "has_golden_carrot": "2024-08-14 04:51:26 +0000"
    },
    "done": true
  },
  "spartanweaponry:recipes/spartanweaponry.basic/iron_longbow": {
    "criteria": {
      "has_iron_ingot": "2024-08-14 05:42:39 +0000"
    },
    "done": true
  },
  "spartanweaponry:recipes/spartanweaponry.basic/stone_katana": {
    "criteria": {
      "has_cobblestone": "2024-08-14 04:49:05 +0000"
    },
    "done": true
  },
  "spartanweaponry:recipes/spartanweaponry.basic/iron_pike": {
    "criteria": {
      "has_iron_ingot": "2024-08-14 05:42:39 +0000"
    },
    "done": true
  },
  "caverns_and_chasms:recipes/building_blocks/rotten_flesh_block": {
    "criteria": {
      "has_rotten_flesh": "2024-08-14 04:47:52 +0000"
    },
    "done": true
  },
  "arphex:true_power": {
    "criteria": {
      "true_power_0": "2024-08-14 04:50:24 +0000"
    },
    "done": true
  },
  "farmersdelight:recipes/farmersdelight/cooking/baked_cod_stew": {
    "criteria": {
      "has_any_ingredient": "2024-08-14 05:22:15 +0000"
    },
    "done": true
  },
  "spartanweaponry:recipes/spartanweaponry.basic/stone_lance": {
    "criteria": {
      "has_cobblestone": "2024-08-14 04:49:05 +0000"
    },
    "done": true
  },
  "minecraft:recipes/building_blocks/iron_block": {
    "criteria": {
      "has_iron_ingot": "2024-08-14 05:42:39 +0000"
    },
    "done": true
  },
  "spartanweaponry:recipes/spartanweaponry.basic/stone_battle_hammer": {
    "criteria": {
      "has_cobblestone": "2024-08-14 04:49:05 +0000"
    },
    "done": true
  },
  "spartanweaponry:recipes/spartanweaponry.basic/stone_spear": {
    "criteria": {
      "has_cobblestone": "2024-08-14 04:49:05 +0000"
    },
    "done": true
  },
  "rottencreatures:recipes/rottencreatures.rottencreatures/corrupted_wart": {
    "criteria": {
      "has_frozen_rotten_flesh": "2024-08-14 05:21:26 +0000"
    },
    "done": true
  },
  "travelersbackpack:recipes/travelersbackpack/quartz": {
    "criteria": {
      "has_quartz": "2024-08-14 04:55:09 +0000"
    },
    "done": true
  },
  "securitycraft:recipes/securitycraft/keycard_lv4": {
    "criteria": {
      "has_iron": "2024-08-14 05:42:39 +0000"
    },
    "done": true
  },
  "securitycraft:recipes/securitycraft/keycard_lv3": {
    "criteria": {
      "has_iron": "2024-08-14 05:42:39 +0000"
    },
    "done": true
  },
  "spartanweaponry:recipes/spartanweaponry.basic/iron_tomahawk": {
    "criteria": {
      "has_iron_ingot": "2024-08-14 05:42:39 +0000"
    },
    "done": true
  },
  "securitycraft:recipes/securitycraft/keycard_lv5": {
    "criteria": {
      "has_iron": "2024-08-14 05:42:39 +0000"
    },
    "done": true
  },
  "minecraft:recipes/building_blocks/coal_block": {
    "criteria": {
      "has_coal": "2024-08-14 05:39:15 +0000"
    },
    "done": true
  },
  "spartanweaponry:recipes/spartanweaponry.basic/iron_javelin": {
    "criteria": {
      "has_iron_ingot": "2024-08-14 05:42:39 +0000"
    },
    "done": true
  },
  "farmersdelight:recipes/farmersdelight/fried_egg": {
    "criteria": {
      "fried_egg": "2024-08-14 05:22:15 +0000"
    },
    "done": true
  },
  "minecraft:recipes/tools/stone_shovel": {
    "criteria": {
      "has_cobblestone": "2024-08-14 04:49:05 +0000"
    },
    "done": true
  },
  "spartanweaponry:recipes/spartanweaponry.basic/iron_rapier": {
    "criteria": {
      "has_iron_ingot": "2024-08-14 05:42:39 +0000"
    },
    "done": true
  },
  "minecraft:recipes/building_blocks/blue_concrete_powder": {
    "criteria": {
      "has_gravel": "2024-08-14 05:45:03 +0000"
    },
    "done": true
  },
  "farmersdelight:recipes/farmersdelight/cooking/bone_broth": {
    "criteria": {
      "has_bone": "2024-08-14 04:47:55 +0000"
    },
    "done": true
  },
  "scalinghealth:recipes/scalinghealth/bandages": {
    "criteria": {
      "cobblestone": "2024-08-14 04:49:05 +0000"
    },
    "done": true
  },
  "minecraft:recipes/building_blocks/gray_concrete_powder": {
    "criteria": {
      "has_gravel": "2024-08-14 05:45:03 +0000"
    },
    "done": true
  },
  "securitycraft:recipes/securitycraft/reinforced_andesite": {
    "criteria": {
      "has_cobblestone": "2024-08-14 04:49:05 +0000"
    },
    "done": true
  },
  "securitycraft:recipes/securitycraft/reinforced_observer": {
    "criteria": {
      "has_quartz": "2024-08-14 04:55:09 +0000"
    },
    "done": true
  },
  "securitycraft:recipes/securitycraft/smart_module": {
    "criteria": {
      "has_iron": "2024-08-14 05:42:39 +0000"
    },
    "done": true
  },
  "cgm:recipes/cgm/workbench": {
    "criteria": {
      "has_iron": "2024-08-14 05:42:39 +0000"
    },
    "done": true
  },
  "cgm:recipes/cgm/assault_rifle": {
    "criteria": {
      "has_iron_ingot": "2024-08-14 05:42:39 +0000"
    },
    "done": true
  },
  "caverns_and_chasms:recipes/building_blocks/cobblestone_tile_stairs_from_cobblestone_stonecutting": {
    "criteria": {
      "has_cobblestone": "2024-08-14 04:49:05 +0000"
    },
    "done": true
  },
  "spartanweaponry:recipes/spartanweaponry.basic/explosive_charge": {
    "criteria": {
      "has_gunpowder": "2024-08-14 04:46:59 +0000"
    },
    "done": true
  },
  "securitycraft:recipes/securitycraft/block_change_detector": {
    "criteria": {
      "has_iron": "2024-08-14 05:42:39 +0000"
    },
    "done": true
  },
  "minecraft:recipes/tools/iron_axe": {
    "criteria": {
      "has_iron_ingot": "2024-08-14 05:42:39 +0000"
    },
    "done": true
  },
  "spartanweaponry:recipes/spartanweaponry.basic/small_arrow_quiver": {
    "criteria": {
      "has_arrow": "2024-08-14 04:47:48 +0000"
    },
    "done": true
  },
  "cgm:recipes/cgm/basic_bullet": {
    "criteria": {
      "has_gunpowder": "2024-08-14 04:46:59 +0000"
    },
    "done": true
  },
  "scalinghealth:recipes/scalinghealth/heart_crystal": {
    "criteria": {
      "cobblestone": "2024-08-14 04:49:05 +0000"
    },
    "done": true
  },
  "minecraft:recipes/redstone/tripwire_hook": {
    "criteria": {
      "has_string": "2024-08-14 04:46:53 +0000"
    },
    "done": true
  },
  "minecraft:recipes/combat/iron_boots": {
    "criteria": {
      "has_iron_ingot": "2024-08-14 05:42:39 +0000"
    },
    "done": true
  },
  "cgm:recipes/cgm/bazooka": {
    "criteria": {
      "has_iron_ingot": "2024-08-14 05:42:39 +0000"
    },
    "done": true
  },
  "minecraft:recipes/misc/bone_meal": {
    "criteria": {
      "has_bone": "2024-08-14 04:47:55 +0000"
    },
    "done": true
  },
  "spartanweaponry:recipes/spartanweaponry.basic/iron_boomerang": {
    "criteria": {
      "has_iron_ingot": "2024-08-14 05:42:39 +0000"
    },
    "done": true
  },
  "caverns_and_chasms:recipes/building_blocks/cobblestone_brick_slab_from_cobblestone_stonecutting": {
    "criteria": {
      "has_cobblestone": "2024-08-14 04:49:05 +0000"
    },
    "done": true
  },
  "minecraft:recipes/building_blocks/black_concrete_powder": {
    "criteria": {
      "has_gravel": "2024-08-14 05:45:03 +0000"
    },
    "done": true
  },
  "cgm:recipes/cgm/shotgun": {
    "criteria": {
      "has_iron_ingot": "2024-08-14 05:42:39 +0000"
    },
    "done": true
  },
  "undead_unleashed:boo": {
    "criteria": {
      "boo": "2024-08-14 05:41:17 +0000"
    },
    "done": true
  },
  "spartanweaponry:recipes/spartanweaponry.basic/stone_battleaxe": {
    "criteria": {
      "has_cobblestone": "2024-08-14 04:49:05 +0000"
    },
    "done": true
  },
  "farmersdelight:recipes/farmersdelight/iron_knife": {
    "criteria": {
      "has_iron_ingot": "2024-08-14 05:42:39 +0000"
    },
    "done": true
  },
  "travelersbackpack:recipes/travelersbackpack/coal": {
    "criteria": {
      "has_coal": "2024-08-14 05:39:15 +0000"
    },
    "done": true
  },
  "minecraft:recipes/combat/crossbow": {
    "criteria": {
      "has_string": "2024-08-14 04:46:53 +0000"
    },
    "done": true
  },
  "minecraft:recipes/combat/iron_chestplate": {
    "criteria": {
      "has_iron_ingot": "2024-08-14 05:42:39 +0000"
    },
    "done": true
  },
  "spartanweaponry:recipes/spartanweaponry.basic/iron_warhammer": {
    "criteria": {
      "has_iron_ingot": "2024-08-14 05:42:39 +0000"
    },
    "done": true
  },
  "cgm:recipes/cgm/shell": {
    "criteria": {
      "has_gunpowder": "2024-08-14 04:46:59 +0000"
    },
    "done": true
  },
  "spartanweaponry:recipes/spartanweaponry.basic/stone_parrying_dagger": {
    "criteria": {
      "has_cobblestone": "2024-08-14 04:49:05 +0000"
    },
    "done": true
  },
  "travelersbackpack:recipes/travelersbackpack/snow": {
    "criteria": {
      "has_snowball": "2024-08-14 04:55:18 +0000"
    },
    "done": true
  },
  "travelersbackpack:recipes/travelersbackpack/hose_nozzle": {
    "criteria": {
      "has_iron": "2024-08-14 05:42:39 +0000"
    },
    "done": true
  },
  "travelersbackpack:recipes/travelersbackpack/backpack_tank": {
    "criteria": {
      "has_iron": "2024-08-14 05:42:39 +0000"
    },
    "done": true
  },
  "scalinghealth:recipes/scalinghealth/heart_dust": {
    "criteria": {
      "cobblestone": "2024-08-14 04:49:05 +0000"
    },
    "done": true
  },
  "caverns_and_chasms:recipes/food/cake": {
    "criteria": {
      "has_egg": "2024-08-14 05:22:15 +0000"
    },
    "done": true
  },
  "minecraft:recipes/building_blocks/red_concrete_powder": {
    "criteria": {
      "has_gravel": "2024-08-14 05:45:03 +0000"
    },
    "done": true
  },
  "minecraft:recipes/misc/iron_nugget_from_blasting": {
    "criteria": {
      "has_chainmail_leggings": "2024-08-14 04:49:17 +0000"
    },
    "done": true
  },
  "caverns_and_chasms:recipes/food/bejeweled_apple": {
    "criteria": {
      "has_golden_apple": "2024-08-14 04:51:09 +0000"
    },
    "done": true
  },
  "spartanweaponry:recipes/spartanweaponry.basic/iron_halberd": {
    "criteria": {
      "has_iron_ingot": "2024-08-14 05:42:39 +0000"
    },
    "done": true
  },
  "minecraft:recipes/food/rotten_flesh_from_campfire_cooking": {
    "criteria": {
      "has_frozen_rotten_flesh": "2024-08-14 05:21:26 +0000"
    },
    "done": true
  },
  "spartanweaponry:recipes/spartanweaponry.basic/iron_saber": {
    "criteria": {
      "has_iron_ingot": "2024-08-14 05:42:39 +0000"
    },
    "done": true
  },
  "spartanweaponry:recipes/spartanweaponry.basic/iron_battle_hammer": {
    "criteria": {
      "has_iron_ingot": "2024-08-14 05:42:39 +0000"
    },
    "done": true
  },
  "securitycraft:recipes/securitycraft/reinforced_diorite": {
    "criteria": {
      "has_cobblestone": "2024-08-14 04:49:05 +0000"
    },
    "done": true
  },
  "securitycraft:recipes/securitycraft/trophy_system": {
    "criteria": {
      "has_iron": "2024-08-14 05:42:39 +0000"
    },
    "done": true
  },
  "spartanweaponry:recipes/spartanweaponry.basic/stone_throwing_knife": {
    "criteria": {
      "has_cobblestone": "2024-08-14 04:49:05 +0000"
    },
    "done": true
  },
  "man:feelingwatched": {
    "criteria": {
      "feelingwatched": "2024-08-14 04:32:48 +0000"
    },
    "done": true
  },
  "minecraft:adventure/kill_a_mob": {
    "criteria": {
      "minecraft:husk": "2024-08-14 04:55:26 +0000"
    },
    "done": true
  },
  "securitycraft:recipes/securitycraft/camera_monitor": {
    "criteria": {
      "has_iron": "2024-08-14 05:42:39 +0000"
    },
    "done": true
  },
  "rottencreatures:recipes/rottencreatures.rottencreatures/tnt_barrel": {
    "criteria": {
      "has_gunpowder": "2024-08-14 04:46:59 +0000"
    },
    "done": true
  },
  "caverns_and_chasms:recipes/building_blocks/cobblestone_bricks_from_cobblestone_stonecutting": {
    "criteria": {
      "has_cobblestone": "2024-08-14 04:49:05 +0000"
    },
    "done": true
  },
  "securitycraft:recipes/securitycraft/limited_use_keycard": {
    "criteria": {
      "has_iron": "2024-08-14 05:42:39 +0000"
    },
    "done": true
  },
  "minecraft:adventure/honey_block_slide": {
    "criteria": {
      "honey_block_slide": "2024-08-14 05:11:27 +0000"
    },
    "done": true
  },
  "minecraft:recipes/building_blocks/stone": {
    "criteria": {
      "has_cobblestone": "2024-08-14 04:49:05 +0000"
    },
    "done": true
  },
  "minecraft:recipes/building_blocks/quartz_block": {
    "criteria": {
      "has_quartz": "2024-08-14 04:55:09 +0000"
    },
    "done": true
  },
  "cgm:recipes/cgm/missile": {
    "criteria": {
      "has_gunpowder": "2024-08-14 04:46:59 +0000"
    },
    "done": true
  },
  "minecraft:adventure/adventuring_time": {
    "criteria": {
      "minecraft:beach": "2024-08-14 04:45:22 +0000",
      "minecraft:river": "2024-08-14 05:32:03 +0000",
      "minecraft:snowy_plains": "2024-08-14 04:31:29 +0000",
      "minecraft:stony_shore": "2024-08-14 04:33:35 +0000",
      "minecraft:ice_spikes": "2024-08-14 04:30:45 +0000",
      "minecraft:plains": "2024-08-14 04:31:30 +0000"
    },
    "done": false
  },
  "minecraft:recipes/redstone/iron_door": {
    "criteria": {
      "has_iron_ingot": "2024-08-14 05:42:39 +0000"
    },
    "done": true
  },
  "undead_unleashed:undead_unleashed": {
    "criteria": {
      "undead_unleashed": "2024-08-14 04:30:42 +0000"
    },
    "done": true
  },
  "securitycraft:recipes/securitycraft/whitelist_module": {
    "criteria": {
      "has_iron": "2024-08-14 05:42:39 +0000"
    },
    "done": true
  },
  "minecraft:recipes/combat/stone_sword": {
    "criteria": {
      "has_cobblestone": "2024-08-14 04:49:05 +0000"
    },
    "done": true
  },
  "minecraft:recipes/decorations/cobblestone_wall": {
    "criteria": {
      "has_cobblestone": "2024-08-14 04:49:05 +0000"
    },
    "done": true
  },
  "minecraft:recipes/building_blocks/snow_block": {
    "criteria": {
      "has_snowball": "2024-08-14 04:55:18 +0000"
    },
    "done": true
  },
  "spartanweaponry:recipes/spartanweaponry.basic/stone_halberd": {
    "criteria": {
      "has_cobblestone": "2024-08-14 04:49:05 +0000"
    },
    "done": true
  },
  "cgm:recipes/cgm/grenade_launcher": {
    "criteria": {
      "has_iron_ingot": "2024-08-14 05:42:39 +0000"
    },
    "done": true
  },
  "minecraft:recipes/tools/stone_pickaxe": {
    "criteria": {
      "has_cobblestone": "2024-08-14 04:49:05 +0000"
    },
    "done": true
  },
  "travelersbackpack:recipes/travelersbackpack/iron": {
    "criteria": {
      "has_iron_ingot": "2024-08-14 05:42:39 +0000"
    },
    "done": true
  },
  "minecraft:recipes/decorations/smithing_table": {
    "criteria": {
      "has_iron_ingot": "2024-08-14 05:42:39 +0000"
    },
    "done": true
  },
  "minecraft:recipes/transportation/jungle_boat": {
    "criteria": {
      "in_water": "2024-08-14 05:30:12 +0000"
    },
    "done": true
  },
  "farmersdelight:recipes/farmersdelight/cooking/hot_cocoa": {
    "criteria": {
      "has_any_ingredient": "2024-08-14 05:02:39 +0000"
    },
    "done": true
  },
  "cgm:recipes/cgm/pistol": {
    "criteria": {
      "has_iron_ingot": "2024-08-14 05:42:39 +0000"
    },
    "done": true
  },
  "minecraft:recipes/decorations/cobblestone_wall_from_cobblestone_stonecutting": {
    "criteria": {
      "has_cobblestone": "2024-08-14 04:49:05 +0000"
    },
    "done": true
  },
  "minecraft:nether/netherite_armor": {
    "criteria": {
      "netherite_armor": "2024-08-14 04:31:01 +0000"
    },
    "done": true
  },
  "securitycraft:recipes/securitycraft/mine": {
    "criteria": {
      "has_iron": "2024-08-14 05:42:39 +0000"
    },
    "done": true
  },
  "minecraft:recipes/food/honey_bottle": {
    "criteria": {
      "has_honey_block": "2024-08-14 05:05:35 +0000"
    },
    "done": true
  },
  "minecraft:recipes/redstone/heavy_weighted_pressure_plate": {
    "criteria": {
      "has_iron_ingot": "2024-08-14 05:42:39 +0000"
    },
    "done": true
  },
  "minecraft:recipes/transportation/dark_oak_boat": {
    "criteria": {
      "in_water": "2024-08-14 05:30:12 +0000"
    },
    "done": true
  },
  "minecraft:recipes/redstone/daylight_detector": {
    "criteria": {
      "has_quartz": "2024-08-14 04:55:09 +0000"
    },
    "done": true
  },
  "minecraft:recipes/transportation/carrot_on_a_stick": {
    "criteria": {
      "has_carrot": "2024-08-14 05:23:16 +0000"
    },
    "done": true
  },
  "farmersdelight:recipes/farmersdelight/cooking/pumpkin_soup": {
    "criteria": {
      "has_any_ingredient": "2024-08-14 05:02:39 +0000"
    },
    "done": true
  },
  "cgm:recipes/cgm/heavy_rifle": {
    "criteria": {
      "has_iron_ingot": "2024-08-14 05:42:39 +0000"
    },
    "done": true
  },
  "minecraft:recipes/misc/mojang_banner_pattern": {
    "criteria": {
      "has_enchanted_golden_apple": "2024-08-14 04:51:02 +0000"
    },
    "done": true
  },
  "securitycraft:recipes/securitycraft/briefcase": {
    "criteria": {
      "has_iron": "2024-08-14 05:42:39 +0000"
    },
    "done": true
  },
  "twilightforest:progress_yeti": {
    "criteria": {
      "fur": "2024-08-14 05:36:57 +0000",
      "yeti": "2024-08-14 05:36:55 +0000",
      "trophy": "2024-08-14 05:36:57 +0000",
      "was_in_fight": "2024-08-14 05:36:55 +0000"
    },
    "done": false
  },
  "minecraft:recipes/decorations/lantern": {
    "criteria": {
      "has_iron_ingot": "2024-08-14 05:42:39 +0000"
    },
    "done": true
  },
  "spartanweaponry:recipes/spartanweaponry.basic/stone_pike": {
    "criteria": {
      "has_cobblestone": "2024-08-14 04:49:05 +0000"
    },
    "done": true
  },
  "securitycraft:recipes/securitycraft/reinforced_fence_gate": {
    "criteria": {
      "has_iron": "2024-08-14 05:42:39 +0000"
    },
    "done": true
  },
  "overweight_farming:recipes/apply_violent_fullmetal_directly_to_compost": {
    "criteria": {
      "has_rotten_flesh": "2024-08-14 04:47:52 +0000"
    },
    "done": true
  },
  "minecraft:story/smelt_iron": {
    "criteria": {
      "iron": "2024-08-14 05:42:39 +0000"
    },
    "done": true
  },
  "minecraft:recipes/tools/stone_axe": {
    "criteria": {
      "has_cobblestone": "2024-08-14 04:49:05 +0000"
    },
    "done": true
  },
  "securitycraft:recipes/securitycraft/disguise_module": {
    "criteria": {
      "has_iron": "2024-08-14 05:42:39 +0000"
    },
    "done": true
  },
  "spartanweaponry:recipes/spartanweaponry.basic/stone_javelin": {
    "criteria": {
      "has_cobblestone": "2024-08-14 04:49:05 +0000"
    },
    "done": true
  },
  "minecraft:recipes/food/rotten_flesh_from_smoking": {
    "criteria": {
      "has_frozen_rotten_flesh": "2024-08-14 05:21:26 +0000"
    },
    "done": true
  },
  "spartanweaponry:recipes/spartanweaponry.basic/stone_tomahawk": {
    "criteria": {
      "has_cobblestone": "2024-08-14 04:49:05 +0000"
    },
    "done": true
  },
  "DataVersion": 3120
}