{
  "mutantmonsters:root": {
    "criteria": {
      "killed_something": "2024-08-11 09:34:26 +0000"
    },
    "done": true
  },
  "farmersdelight:main/root": {
    "criteria": {
      "seeds": "2024-08-11 09:30:03 +0000"
    },
    "done": true
  },
  "undead_unleashed:undead_unleashed": {
    "criteria": {
      "undead_unleashed": "2024-08-11 09:30:03 +0000"
    },
    "done": true
  },
  "betterdeserttemples:root": {
    "criteria": {
      "always": "2024-08-11 09:30:04 +0000"
    },
    "done": true
  },
  "minecraft:adventure/root": {
    "criteria": {
      "killed_something": "2024-08-11 09:34:26 +0000"
    },
    "done": true
  },
  "majruszsdifficulty:bleeding": {
    "criteria": {
      "bleeding_applied": "2024-08-11 09:31:39 +0000"
    },
    "done": true
  },
  "endofherobrine:story/root": {
    "criteria": {
      "requirement": "2024-08-11 09:31:42 +0000"
    },
    "done": true
  },
  "takesapillage:root": {
    "criteria": {
      "always": "2024-08-11 09:30:04 +0000"
    },
    "done": true
  },
  "majruszsdifficulty:game_stage_normal": {
    "criteria": {
      "is_triggered": "2024-08-11 09:30:03 +0000"
    },
    "done": true
  },
  "minecraft:adventure/adventuring_time": {
    "criteria": {
      "minecraft:snowy_plains": "2024-08-11 09:30:41 +0000",
      "minecraft:stony_shore": "2024-08-11 09:30:50 +0000",
      "minecraft:cold_ocean": "2024-08-11 09:34:36 +0000",
      "minecraft:forest": "2024-08-11 09:32:41 +0000",
      "minecraft:ice_spikes": "2024-08-11 09:30:06 +0000",
      "minecraft:frozen_ocean": "2024-08-11 09:34:15 +0000",
      "minecraft:plains": "2024-08-11 09:30:44 +0000"
    },
    "done": false
  },
  "DataVersion": 3120
}